,书名,价格(元）
0,Rust实战,110.33
1,Python编程快速上手 让繁琐工作自动化 第2版【购买纸质书免费赠送本书e读版电子书】,75.65
2,C++ Primer Plus 第6版 中文版,100.30
3,pandas数据处理与分析,83.30
4,Python极客编程：用代码探索世界,67.92
5,软技能：代码之外的生存指南（第2版）,84.83
6,PyTorch深度学习实战,101.92
7,Easy RL 强化学习教程,84.92
8,C++并发编程实战（第2版）,118.83
9,【抢读版】01改变世界：计算机原理趣谈,67.15
10,深入浅出Windows API程序设计：核心编程篇,127.42
11,动手学强化学习,76.42
12,计算机图形学入门：3D渲染指南,76.42
13,改善对话：突破团队协作障碍,50.83
14,SQL学习指南（第3版）,76.42
15,元宇宙时代,59.33
16,C Primer Plus 第6版 中文版,91.80
17,课堂上来不及思考的数学2：挑战思维极限,42.33
18,【抢读版】趣学算法（第2版）,91.80
19,程序员软技能,67.92
20,深入浅出Windows API程序设计：编程基础篇,101.92
21,计算之魂,92.65
22,Spring微服务实战（第2版）,93.42
23,计算机系统开发与优化实战,93.33
24,【抢读版】01改变世界：计算机发展史趣谈,67.15
25,神秘的程序员 什么塑造了今天的编程世界 漫画编程历史大事件 2022年周历版【接受企业定制，010-81055363】,127.33
26,动手打造深度学习框架,76.42
27,CPU通识课,67.92
28,C++沉思录,75.65
29,C++ Primer Plus（第6版）中文版习题解答,75.65
30,分布式应用系统架构设计与实践,67.92
31,ARM64体系结构编程与实践,101.83
32,智能风控实践指南：从模型、特征到决策,76.42
33,C陷阱与缺陷,41.65
34,C专家编程,58.65
35,C编程从入门到实践,75.65
36,Go语言定制指南,67.92
37,“笨办法”学C语言,58.65
38,持续交付2.0：业务引领的DevOps精要（增订本）,84.92
39,现代C++语言核心特性解析,101.92
40,Calcite数据管理实战,76.42
41,笨办法学Python 3 进阶篇,50.15
42,大话性能测试：JMeter实战,76.42
43,跟小海龟学Python,67.92
44,C语言程序设计,93.42
45,你必须知道的495个C语言问题,38.25
46,C语言接口与实现：创建可重用软件的技术,76.42
47,C语言解惑,29.75
48,Python参考手册（第4版•修订版）,75.65
49,Flutter内核源码剖析,76.42
50,课堂上来不及思考的数学,42.33
51,Python编程做中学,67.83
52,程序设计竞赛训练营：算法与实践,84.92
53,学Python 不加班 轻松实现办公自动化,84.15
54,程序设计竞赛训练营：基础与数学概念,101.92
55,持续集成与持续交付实战：用Jenkins、Travis CI和CircleCI构建和发布大规模高质量软件,76.42
56,Python金融大数据分析 第2版,118.15
57,C和指针,84.15
58,“笨办法”学Python 3,50.15
59,CSS新世界,110.42
60,Python编程入门与实战,101.83
61,Python核心编程（第3版）习题解答,84.15
62,Python算法交易实战,76.33
63,C++语言的设计和演化,84.15
64,C++编程规范：101条规则、准则与最佳实践,50.92
65,Qt 5.9 C++开发指南,84.83
66,Python核心编程（第3版）,84.15
67,Python极客项目编程,58.65
68,产品经理成长笔记,84.83
69,C Primer Plus 第6版 中文版习题解答,76.33
70,代码中的软件工程,76.42
71,区块链国产化实践指南：基于Fabric 2.0,84.83
72,Terraform 实战,84.92
73,接口测试方法论,67.92
74,Vue.js全平台前端实战,76.42
75,STM32Cube高效开发教程（高级篇）,110.42
76,OpenCV图像处理入门与实践,67.92
77,GPU编程实战（基于Python和CUDA）,67.92
78,零基础入门学习Web开发（HTML5 & CSS3）,84.83
79,Python期货量化交易,93.33
80,设计模式之美,84.83
81,金融中的人工智能,67.92
82,VMware vSphere 7.0虚拟化架构实战指南,84.83
83,与量子比特共舞,93.33
84,Python编程实战 妙趣横生的项目之旅,84.92
85,区块链技术本质与应用,50.92
86,从零开始：数字图像处理的编程基础与应用,67.92
87,青少年编程魔法课堂 Python图形化创意编程,50.92
88,机器学习工程实战,101.15
89,解构领域驱动设计,127.42
90,15天快速上手Python,67.83
91,Python预测分析实战,67.83
92,动态表情设计实战,59.33
93,C语言程序设计 习题解答,59.42
94,开源之迷,67.92
95,读源码学架构：系统架构师思维训练之道,59.42
96,物联网全栈开发原理与实战,67.92
97,数据结构 Python语言描述 第2版,101.92
98,罗布乐思开发官方指南 从入门到实践,101.92
99,Python机器学习经典实例（第2版）,118.83
100,从零开始：快速入门Unity 3D游戏开发,59.42
101,量子计算：一种应用方法,101.83
102,Spring Security原理与实战,67.92
103,JavaScript面向对象编程指南（第3版）,118.83
104,单片机开发从入门到实践,50.92
105,Java EE的轻量级开发利剑：Spring Boot实战,92.65
106,Python医学数据分析入门,76.33
107,人工智能等级考试一级教程 人工智能通识,50.83
108,Redis入门指南 第3版,50.92
109,R语言高效能实战：更多数据和更快速度,67.92
110,Metasploit Web渗透测试实战,59.42
111,智能前端技术与实践,84.83
112,行星,101.92
113,Java完全自学教程,67.92
114,数亦有道 Python数据科学指南,76.42
115,微信小程序·云开发：快速入门与实践,84.83
116,从零开始：机器学习的数学原理和算法实践,58.65
117,Spark和Python机器学习实战：预测分析核心方法（第2版）,84.92
118,站点可靠性工程（SRE）实战,67.92
119,TensorFlow深度学习项目实战,67.92
120,Python 3程序开发指南（第2版•修订版）,84.92
121,数据结构与算法之美（全彩印刷）,101.83
122,游戏引擎原理与实践 卷2 高级技术,118.92
123,奔跑吧Linux内核（第2版）卷1：基础架构,118.15
124,写给青少年的人工智能 发展,50.15
125,Kali Linux2 网络渗透测试实践指南 第2版,75.65
126,基于Python的金融分析与风险管理（第2版）,142.80
127,Excel金融建模,76.42
128,数据分析咖哥十话 从思维到实践促进运营增长,76.42
129,图解Spark 大数据快速分析实战,93.42
130,Java从入门到精通(第4版),76.42
131,从Power BI 到 Power Platform：低代码应用开发实战,76.42
132,青少年编程魔法课堂 C++图形化创意编程,50.92
133,写给青少年的人工智能  应用,50.15
134,职场写作很简单,33.92
135,Linux就该这么学（第2版）,84.92
136,深度学习入门与TensorFlow实践,84.92
137,通信那些事儿（上册）,50.92
138,Excel经典教程——公式与函数,127.42
139,写作疗愈 用写作赶走焦虑、拖延症、坏情绪,67.92
140,软件测试实战指南,67.92
141,MySQL是怎样使用的 快速入门MySQL,50.92
142,1小时漫游量子世界,33.92
143,Python从入门到精通,84.83
144,离散的魅力：世界为何数字化,59.42
145,漏洞管理实战：网络风险管理的策略方法,59.33
146,不正经的科学——人类睡眠的另类研究,42.42
147,深信服安全服务工程师实战,59.33
148,统信UOS操作系统使用教程 （第2版）,59.42
149,【抢读版】HBase入门与实践（第2版）,59.33
150,Word必修课——高手这样用Word,67.92
151,华为HCIA路由交换认证指南,84.92
152,会说话的数据,74.80
153,金融中的机器学习,101.92
154,Flutter App开发：从入门到实战,84.92
155,产业数字化转型精要：方法与实践,67.92
156,大数据测试技术与实践,100.30
157,Excel VBA案例实战,76.42
158,深入浅出计算机网络,93.42
159,C++实战笔记,84.83
160,秒懂设计模式,67.92
161,敏捷测试 以持续测试促进持续交付,110.42
162,机器学习公式详解,50.83
163,Python图像处理实战,75.65
164,Knative快速入门与实践,50.83
165,通信那些事儿（下册）,50.92
166,统信UOS操作系统基础与应用教程,50.92
167,白话网络安全,59.42
168,快手生意增长指南：方法与案例,58.65
169,Word+Excel+PPT+PS+远程办公+PDF文件处理6合1办公高手速成,84.92
170,Python少儿趣味编程：海龟绘图,59.42
171,统信UOS应用开发实战教程,42.42
172,统信UOS系统管理教程,50.92
173,深入浅出React Native,59.42
174,Java代码审计 入门篇,110.42
175,R语言金融分析与建模,84.83
176,持续测试,67.83
177,仰望星空：中国历史里的天文密码,50.83
178,C语言程序设计简明教程  Qt实战,42.42
179,数据结构与算法分析：C++语言描述（英文版·第4版）,110.42
180,人力资源数字化转型,59.33
181,统信UOS应用开发进阶教程,42.42
182,深度学习与围棋,84.15
183,青少年Python趣味编程,50.92
184,UNIX传奇：历史与回忆,75.65
185,股票大作手回忆录 丁圣元注疏版,50.83
186,C和C++游戏趣味编程（全彩印刷）,84.15
187,数学家那些事儿,59.42
188,朱伟恋词 考研英语全真题源报刊 7000词识记与应用大全,74.80
189,Jupyter入门与实战,67.83
190,大数据真相：数字经济时代你需要知道的事儿,59.42
191,网络系统规划设计,59.42
192,聪明的算法,83.30
193,学术期刊论文写作技巧与实战,59.42
194,深入解析Windows操作系统（卷2）  （英文版·第7版）,144.42
195,如何拥抱一只刺猬：恋爱与婚姻中的人格识别、接纳与付出,50.83
196,精通Rust 第2版,118.15
197,VMware NSX网络虚拟化入门,84.83
198,深度学习（精装版）,253.30
199,计算广告：互联网商业变现的市场与技术（第3版）,84.83
200,极简几何史,50.83
201,Excel财务数据处理与分析实战技巧精粹,76.42
202,AutoCAD 2022中文版从入门到精通,67.83
203,人工智能与大数据（卷1）：基础概念和模型,101.92
204,华为通信科技史话,50.92
205,Kubernetes修炼手册,59.42
206,奔跑吧Linux内核（第2版）卷2：调试与案例分析,93.42
207,Python计算机视觉和自然语言处理 开发机器人应用系统,76.42
208,企业级云原生架构 技术、服务与实践,93.24
209,Excel技术与应用大全,101.92
210,趣味数学简史：数学是这样诞生的,59.42
211,编程竞赛宝典 C++语言和算法入门,76.42
212,算法设计,101.15
213,荒野守望：野生世界观察笔记,84.92
214,从0到1——Python数据分析,76.42
215,善用图表——一看就懂的商业数据表达术,50.83
216,青少年生物AR智能学习卡,253.30
217,Linux设备驱动开发,126.65
218,时间管理很简单,33.92
219,高效阅读很简单,33.92
220,Flink核心技术：源码剖析与特性开发,93.42
221,手把手教你RISC-V CPU（上）——处理器设计,93.33
222,SolidWorks 2022中文版基础教程,59.42
223,掌控情绪 别让坏脾气毁了你一生,50.92
224,精通Linux内核开发,76.42
225,DevOps权威指南 IT效能新基建,101.92
226,善工利器 程序员管理范式,101.83
227,MES在智能制造中的应用与实践,91.80
228,金融网络安全,76.33
229,图解Java并发编程,93.42
230,Selenium自动化测试完全指南 基于Python,84.15
231,编写整洁的Python代码,67.15
232,软件自动化测试实战 基于开源测试工具,118.92
233,人工智能算法 卷3 深度学习和神经网络,76.42
234,GAN实战,58.65
235,卓有成效的敏捷,76.42
236,OpenCV 4详解：基于Python,84.83
237,从零开始：Qt可视化程序设计基础教程,59.42
238,数据结构与算法详解,101.15
239,区块链架构与实现：Cosmos详解,84.83
240,机器学习算法评估实战（全彩印刷）,84.92
241,和秋叶一起学——秒懂Word（全彩版）,42.42
242,学Python也可以这么有趣,59.42
243,PyTorch深度学习和图神经网络（卷2）——开发应用,110.33
244,思科网络技术学院教程（第7版）：企业网络+安全+自动化,76.50
245,从0到1——Python数据可视化,76.42
246,仁者无敌面积法：巧思妙解学几何,59.42
247,和秋叶一起学——Word Excel PPT办公应用从新手到高手,50.92
248,网络安全国际学术研究进展,109.48
249,高效制胜：程序员面试典型题解,67.92
250,Unity 3D脚本编程与游戏开发,67.92
251,色彩的秘密,76.42
252,从0到1：ES6快速上手,59.42
253,精通ASP.NET Core MVC 第7版,144.42
254,不急不吼，让孩子自主学习：8个好习惯21天轻松养成,50.92
255,深入理解Zabbix监控系统,84.92
256,Spring Boot+MVC实战指南,84.92
257,考试心理学：心理素质与考场表现,50.83
258,Netty原理剖析与实战,101.83
259,JavaScript全栈开发,84.92
260,MATLAB App Designer从入门到实践,67.92
261,Excel办公高手实战应用从入门到精通,76.42
262,趣学3D One——青少年三维创意与设计（第2版）,67.92
263,21天学通Java 第8版,84.92
264,金融信用评估——大数据背景下的统计学与机器学习应用,67.92
265,手把手教你RISC-V CPU（下）——工程与实践,75.65
266,深入浅出 ASP.NET Core,118.15
267,写给青少年的人工智能：起源,50.15
268,华为LiteOS：快速上手物联网应用开发,59.42
269,自然语言处理实战 利用Python理解、分析和生成文本,84.15
270,Adobe Photoshop CC 2019经典教程（彩色版）,91.80
271,软件调试 第2版 卷2 Windows平台调试 上、下册,169.15
272,PyTorch深度学习和图神经网络（卷1）——基础知识,110.33
273,技术团队管理者的第一堂管理课,50.15
274,自行车骑行训练突破：力量与体能训练指南,59.33
275,和秋叶一起学——秒懂PPT（全彩版）,42.42
276,深入解析Windows操作系统 第7版 卷1,152.92
277,你的天赋价值千万,50.92
278,领域特定语言,127.42
279,R数据可视化手册 第2版,127.42
280,程序员的数学基础课 从理论到Python实践,75.65
281,演化学习：理论与算法进展,84.83
282,大规模C++软件开发 卷1：过程与架构（英文版）,169.92
283,星座物语：走进诗意的星空,67.92
284,机器学习的数学,92.65
285,MySQL是怎样运行的：从根儿上理解 MySQL,84.15
286,Python渗透测试实战,67.15
287,Python深度学习从原理到应用,76.42
288,HTML CSS JavaScript入门经典 第3版,169.92
289,趣味掌控板编程,67.92
290,网络调研技术与实战,50.92
291,画中有星空：中国古画中的天文世界,143.65
292,SolidWorks 2022中文版机械设计从入门到精通,67.92
293,Python编程超简单,59.42
294,Cisco软件定义广域网（SD-WAN）,118.92
295,弱品牌，强品牌：数字时代增长知与行,50.92
296,零基础学机器学习,76.33
297,我的昆虫记,84.83
298,Excel 高效办公——数据处理与分析（案例版）,76.42
299,深度学习之摄影图像处理：核心算法与案例精粹,101.83
300,Jupyter金融应用 从入门到实践,84.83
301,Python深度学习与项目实战,67.15
302,Python趣味创意编程,67.15
303,人工智能和蓝牙硬件开发实战,76.42
304,青少年化学AR智能学习卡,253.30
305,Python游戏趣味编程,58.65
306,Docker实践（第2版）,84.15
307,Linux命令行大全 第2版,109.65
308,算法详解 卷2 图算法和数据结构,41.65
309,头骨之书（珍藏版）,253.30
310,鹿人说 电商客服实战技巧精粹,58.65
311,内向优势：性格内向者的潜在竞争力,50.83
312,PyTorch生成对抗网络编程,67.15
313,社群营销实战手册：流量运营+私域转化+团队建设+品牌打造,92.65
314,数据分析高手这样用Excel图表,76.42
315,全栈性能测试修炼宝典 JMeter实战（第2版）,93.42
316,PaddlePaddle Fluid 深度学习入门与实战,50.83
317,编程的修炼,46.75
318,西门子Process Simulate运动模拟仿真实战,67.92
319,写给 青少年的人工智能 实践,50.15
320,奔跑吧Linux内核入门篇（第2版）,109.65
321,虚拟化高性能NoSQL存储案例精粹 Redis+Docker,142.80
322,C语言从入门到精通（第4版）,76.42
323,视觉之旅：神秘的星际空间（彩色典藏版）,76.42
324,视觉之旅：神秘的机器世界（彩色典藏版）,84.92
325,HTML+CSS+JavaScript网页制作 从入门到精通,59.42
326,软技能2 软件开发者职业生涯指南,84.15
327,时光穿越之旅2022年日历,109.65
328,调色师手册：色彩风格宝典,101.15
329,SolidWorks 2021中文版机械设计从入门到精通,84.83
330,TensorFlow机器学习,67.92
331,Windows 编程调试技术内幕,110.42
332,数码探科学,58.65
333,身边有科学：包罗万象的物理,33.83
334,Go语言趣学指南,58.65
335,Selenium自动化测试实战 基于Python,67.15
336,人工智能算法（卷2）：受大自然启发的算法,58.65
337,全国计算机等级考试教程 二级Python语言程序设计,35.70
338,个人品牌技能指南：9种技能打造个人影响力,59.42
339,AutoCAD 2020中文版三维造型设计从入门到精通,110.42
340,值得孩子阅读的100本经典读物,42.42
341,墨守之道 Web服务安全架构与实践,76.42
342,Linux虚拟化数据中心实战,67.15
343,MATLAB 2020中文版从入门到精通,67.83
344,给孩子的高效学习手册（漫画版）,101.15
345,卡片笔记写作法：如何实现从阅读到写作,59.33
346,百面深度学习 算法工程师带你去面试,84.15
347,你好！北冰洋,101.83
348,管家婆软件实战操作教程（财贸双全版）,50.92
349,UG NX中文版三维电气布线设计,76.42
350,那些年，我们一起写过的逻辑,84.92
351,C/C++代码调试的艺术,76.33
352,炒股进阶：MACD交易技术从入门到精通,59.42
353,移动互联网运营实训（中级）,46.75
354,思科网络技术学院教程（第7版）：交换+路由+无线基础,72.25
355,学电脑从入门到精通（Windows 11+Office 2021）,67.92
356,了不起的人工智能,83.30
357,鸿蒙应用开发实战,67.15
358,内生安全 新一代网络安全框架体系与实践,75.65
359,深度探索大金字塔：起源、结构与建造方式,84.92
360,DK高效学习法,83.30
361,游戏数值设计,76.42
362,Python机器学习实战,58.65
363,从零开始 Python快速入门教程,59.42
364,Jupyter数据科学实战,67.15
365,IPv6网络部署实战,118.92
366,鸿蒙第三方组件库应用开发实战,50.92
367,元素公仔：化学与生活（漫画版）,50.92
368,Spring实战 第5版,84.15
369,iOS 14开发指南【进QQ群414744032索取配套资源】,110.42
370,Spring 5攻略,127.42
371,Scratch 3.0少儿游戏趣味编程2,58.65
372,客户智能：客户营销与服务的数字化转型,59.42
373,微积分的故事,38.25
374,身份攻击向量,50.15
375,项目式教学之99问,59.42
376,精通MATLAB数字图像处理与识别（第2版）,84.83
377,思科网络技术学院教程（第7版）：网络简介,72.25
378,Axure RP9原型设计实战案例教材,67.92
379,网络安全的40个智慧洞见（2021）,85.00
380,中国古代科学家列传  壹,50.83
381,算法精粹：经典计算机科学问题的Python实现,50.15
382,Python股票量化交易从入门到实践,84.83
383,零基础搭建直播室与云直播平台,92.65
384,Adobe After Effects CC 2019经典教程 彩色版,101.15
385,HTTP抓包之接口自动化测试,58.65
386,代码整洁之道,84.15
387,R语言医学数据分析实战,84.83
388,科学家列传 肆,50.83
389,Scala并发编程 第2版,84.92
390,C++案例趣学,75.65
391,儿童品格的由来：社会性与人格发展 （第6版）,142.80
392,美国国家地理科学大百科,135.15
393,焦虑是头大象，如何一口一口吃掉它,50.83
394,从零开始 C语言快速入门教程,76.42
395,全国计算机等级考试教程 二级公共基础知识,31.28
396,Kubernetes快速入门,50.15
397,不正经的科学——奇妙人体的另类研究,59.42
398,一本正经玩科学,50.92
399,职场达人这样用 Excel,76.42
400,淘宝美工从入门到精通 配色设计、图片后期、视频制作、店铺装修、广告海报一本就够,76.42
401,大海的礼物：中国海洋生物手绘图鉴,50.92
402,白话自然语言处理,50.92
403,青少年物理AR智能学习卡,253.30
404,UNIX/Linux 系统管理技术手册（第5版）,142.80
405,说服力：又快又好设计完美PPT,76.42
406,敏捷整洁之道：回归本源,58.65
407,精通Kubernetes,75.65
408,Flutter 开发之旅从南到北,67.15
409,Altium Designer 20 电路设计与仿真从入门到精通,75.65
410,程序设计方法（第2版）,84.15
411,Java编程从入门到实践,75.65
412,Maya 2020 基础教材,67.92
413,Cinema 4D实战案例教材,59.42
414,网络空间安全原理与实践,59.42
415,网络空间安全原理与实践：实验指南,59.42
416,微服务实战,75.65
417,鸿蒙征途：App开发实战,76.33
418,WPS Office办公应用技巧宝典,67.92
419,拆解一切问题 如何成为解决难题的高手,50.15
420,和秋叶一起学——秒懂WPS文字处理,42.42
421,React实战,58.65
422,黑客之道 漏洞发掘的艺术 第2版,101.15
423,Java经典入门指南,67.15
424,软件接口测试实战详解,101.15
425,Python程序员面试秘笈,50.15
426,中国古代科学家列传  贰,50.83
427,TensorFlow 2 实战,67.92
428,独具匠心 做最小可行性产品（MVP）方法与实践,91.80
429,自然语言处理与计算语言学,50.15
430,DK图解科学简史：1000个伟大的发明与发现,101.15
431,从零开始 UI图标设计与制作 第3版,59.33
432,Python金融实战案例精粹,101.15
433,黑客秘笈 渗透测试实用指南 第3版,67.15
434,Python迁移学习,75.65
435,Excel其实很简单 从数据到分析报告,76.42
436,分析模式：可复用的对象模型,67.15
437,Spring Cloud微服务和分布式系统实践,101.15
438,青少年3D打印课程——轻松玩转123D Design,50.92
439,人人都是增长官：以用户为中心的增长思维与实战,67.92
440,小彗星旅行记,59.42
441,Python无监督学习,67.15
442,数学糖果1,58.65
443,了不起的化学元素,50.83
444,和秋叶一起学——秒懂WPS演示文稿,42.42
445,计算机科学概论 Python版,41.65
446,玩转思维导图 让孩子受益一生的8个思维工具,100.30
447,网络安全评估（中级）,59.33
448,管家婆软件实战操作教程（辉煌版）,59.42
449,代码精进之路 从码农到工匠,67.92
450,学会写作（少儿版）：118个创意写作练习，让你爱上写作,42.42
451,和秋叶一起学WPS Office,84.92
452,Angular开发入门与实战,67.15
453,OpenCV 4快速入门,75.65
454,数据结构和算法 Python和C++语言描述,75.65
455,Python自动化运维实战,67.15
456,计算机图形学编程 使用OpenGL和C++,58.65
457,物联网 IoT 基础 网络技术+协议+用例,118.83
458,Python密码学编程 第2版,75.65
459,图解深度学习：可视化、交互式的人工智能指南（英文版）,169.15
460,视觉之旅：神奇的化学元素（彩图卡片版）,110.42
461,软件测试工程师面试秘籍（第2版）,59.42
462,OpenGL超级宝典（第7版）,109.48
463,用户研究成长之路,58.65
464,Kubernetes从入门到实践,67.15
465,极简工作法则：如何成为领先的少数人,41.65
466,VXLAN BGP EVPN数据中心构建指南,84.92
467,麦肯锡结构化战略思维：如何想清楚、说明白、做到位,59.33
468,Simufact金属成形工艺仿真标准教程,93.33
469,BBC科技聚焦：尖端探索,50.92
470,认识无穷的八堂课 数学世界的冒险之旅,42.42
471,游戏引擎原理与实践 卷1 基础框架,92.65
472,了不起的身体语言 如何用好非语言技能,50.15
473,和秋叶一起学 秒懂WPS数据处理,42.42
474,从零开始：Excel电商数据分析,67.92
475,从零开始搭建前端监控平台,50.15
476,数学之美 第三版,58.65
477,Anaconda数据科学实战,67.15
478,考研数学高等数学辅导讲义,39.78
479,AutoCAD 2020中文版电气设计从入门到精通,93.42
480,Python忍者秘籍,67.15
481,Vim 8文本处理实战,50.15
482,AI芯片：前沿技术与创新未来,135.83
483,交互的Python：数据分析入门,67.15
484,敏捷测试实战指南,67.15
485,精通Spark数据科学,92.65
486,操作系统导论,84.15
487,AR开发权威指南：基于AR Foundation,75.65
488,编程可以很简单,58.65
489,玩转艺术的“科学家”,75.65
490,Adobe Illustrator CC 2019经典教程（彩色版）,126.65
491,隐藏的现实：平行宇宙是什么,67.92
492,Python快乐编程 中学学科创意编程实例,59.33
493,用友ERP-U8 V10财务软件完全自学教程（财务链篇）,76.42
494,从零开始：CINEMA 4D中文版案例教程,50.92
495,TongWeb中间件实用教程,67.92
496,Adobe Premiere Pro CC 2019经典教程（彩色版）,126.65
497,虫出江湖：别样的昆虫世界,110.42
498,微信公众号平台操作与版式设计全攻略,None
499,互联网基础设施与软件安全年度发展研究报告（2020）,84.83
500,“互联网+”时代高校教师教学知识发展研究,59.42
501,创客手册 12个创意电子小制作,42.42
502,Spark机器学习实战,108.80
503,图解万物：从宇宙到生命,84.83
504,5G时代的网络安全,59.42
505,BBC科技聚焦：基因奥秘,50.92
506,恶意网络环境下的Linux防御之道,58.65
507,Angular应用程序开发指南,109.65
508,破局 超越同龄人的思考与行动指南,38.25
509,Bash Cookbook中文版,50.15
510,用图形学Python 3,50.92
511,Python Qt GUI与数据可视化编程,84.15
512,以道御术——CMMI 2 .0实践指南,58.65
513,极简生活法则,41.65
514,极简管理法则,41.65
515,C++少儿编程轻松学 写给中小学生的零基础教程,67.83
516,MATLAB机器学习,58.65
517,Adobe After Effects CC 2018经典教程,58.65
518,人工智能算法 卷1 基础算法,50.15
519,JavaScript重难点实例精讲,67.83
520,数据分析通识,67.92
521,Web安全漏洞原理及实战,50.15
522,科学速读 量子物理新话,42.42
523,用“芯”探索：教你构建龙芯平台的Linux系统,108.80
524,秋叶WPS Office高效秘籍,59.42
525,机器学习精讲 全彩印刷,58.65
526,机器学习测试入门与实践,100.30
527,Scratch少儿编程高手的7个好习惯,50.92
528,自然场景文本检测算法研究,59.42
529,全国计算机等级考试上机考试题库 二级C语言,46.75
530,不正经的科学：对那些古怪问题的另类研究,42.33
531,哈佛长时记忆法 快速打造你的学习脑 记忆脑 考试脑,50.15
532,PHP 编程从入门到实践,84.15
533,Adobe Illustrator CC 2019经典教程,84.15
534,统信UOS操作系统使用教程,59.33
535,人工智能技术与大数据,58.65
536,2020区块链漫游指南,41.65
537,少儿编程之旅 趣学Python,41.65
538,敏捷中国史话,67.15
539,Python第三方库开发应用实战,84.15
540,Python期货量化交易实战,50.15
541,深度学习算法与实践,58.65
542,破茧成蝶 用户体验设计师的成长之路（第2版）,76.42
543,CSS选择器世界,50.15
544,欢迎来到宇宙 跟天体物理学家去旅行,84.92
545,拼多多开店 经营 管理 一册通,50.83
546,R绘图系统（第3版）,75.65
547,Revit 2021中文版从入门到精通,84.83
548,BBC科技聚焦：物理难题,50.92
549,移动互联网运营（中级）,50.92
550,JMeter 性能测试实战 第2版,41.65
551,SSM与Spring Boot开发实战,84.15
552,未来狂想：人类消失后的世界,59.33
553,Python少儿趣味编程,58.65
554,物联网So Easy 基于Blynk平台的IOT项目实践,58.65
555,Python 快速入门（第3版）,75.65
556,ASP.NET Core与RESTful API 开发实战,67.15
557,写给程序员的Python教程,67.15
558,Python编程基础教程,58.65
559,Linux系统运维指南：从入门到企业实战,101.83
560,我战胜了抑郁症：九个抑郁症患者真实感人的自愈故事,38.25
561,从零开始学炒股（实战操练图解版）,33.15
562,机器学习开发者指南,50.15
563,多维度思考 拥有正确判断和科学决策的100条极简法则,50.15
564,Adobe Premiere Pro CC 2018经典教程,76.42
565,用“芯”探核：龙芯派开发实战,58.65
566,计算机视觉图像与视频数据标注,58.65
567,内在自信：如何战胜形形色色的畏惧心理(刘媛媛定制版),50.83
568,PPT演讲力 重要时刻 不要输在表达上,50.15
569,量子计算：新计算革命,67.83
570,Python数学编程,50.15
571,手把手教你买基金,46.75
572,了解人类行为的50个心理学实验 从巴甫洛夫的狗到罗夏墨迹测验,50.92
573,K线图量化分析：用大数据研判股票、期货、外汇买卖点,59.33
574,计算思维与Python编程,67.15
575,网络安全的40个智慧洞见（2020）,85.00
576,来吧 一起创客 基于Mixly和Mind+平台的创客作品12例,50.15
577,图解数据结构与算法 全彩印刷,75.65
578,科学速读：爱因斯坦的新宇宙,42.42
579,写给系统管理员的Python脚本编程指南,58.65
580,Java入门经典（第8版）,75.65
581,机器学习提升法 理论与算法,92.65
582,生命蓝图 透视过去 改变现在 预演未来,50.15
583,恋爱心理必修课,50.15
584,基于Python的金融分析与风险管理,100.30
585,B端产品经理修炼手册 AI产品规划与商业落地,67.15
586,VMware vSAN超融合企业应用实战,125.80
587,Adobe Photoshop CC 2018经典教程,59.33
588,Go语言高级编程,75.65
589,深度玩转思维导图+ 掌握思维导图的88次刻意练习与20个应用场景,55.25
590,机器视觉之TensorFlow 2：入门、原理与应用实战,100.30
591,数学也可以这样学：大自然中的几何学,50.15
592,WebGL 3D开发实战详解 第2版,91.80
593,趣学数据结构,84.15
594,C++编程从入门到实践 第2版,84.15
595,Word Excel PPT办公应用从新手到高手,50.83
596,直播销讲实战一本通,63.75
597,实时数据处理和分析指南,67.15
598,人工智能实践录,58.65
599,积木中国 乐高中国经典古建筑,67.83
600,深度主动学习：基于大学课堂的教学研究与实践,75.65
601,哈利波特电影魔法书（第2版）,253.30
602,微服务中台架构开发,67.15
603,无伤跑法2：跑步技术优化与训练提升,84.15
604,计算广告 互联网商业变现的市场与技术 第2版 全彩精装版,126.65
605,瑜伽训练彩色图谱,50.92
606,个人品牌创业之路：8种能力破局创业维艰,59.42
607,深度学习训练营 21天实战TensorFlow+Keras+scikit-learn,58.65
608,价值共生 数字化时代的组织管理,66.30
609,Excel经典教程——VBA与宏,144.42
610,指数基金定投 慢慢变富,55.25
611,Python编程完全入门教程,75.65
612,1小时看懂相对论（漫画版）,50.15
613,After Effects CC中文版超级学习手册（第2版）,92.65
614,天文观测完全指南（第5版）,118.15
615,ROS机器人编程与SLAM算法解析指南,58.65
616,大数据Hadoop 3.X分布式处理实战,67.15
617,深度学习导论,41.65
618,超融合基础架构（HCI）数据中心,109.65
619,秋叶特训营 时间管理7堂课,52.70
620,基金投资从入门到精通,33.15
621,金融科技应用创新实践录（全彩印刷）,142.80
622,ASP.NET Core真机拆解,58.65
623,分布式系统设计实践,50.15
624,Scratch 3.0少儿游戏趣味编程,58.65
625,用“芯”探核 基于龙芯的Linux内核探索解析,100.30
626,基于Unity的ARCore开发实战详解 ,50.15
627,活好2 105岁国宝医师的生命日志,42.33
628,H5安全开发实践教程,59.42
629,华为防火墙实战指南,58.65
630,重构：改善既有代码的设计（第2版）,84.15
631,数字突围：私域流量的用户数字化运营体系构建,58.65
632,世界是我们的课堂 培养孩子面向未来的核心竞争力,57.80
633,高效休息法 世界精英这样放松大脑 音频体验版,50.83
634,我的内在无穷大：自我探索的40堂必修课,50.83
635,全国计算机等级考试教程 一级计算机基础及MS Office应用,44.96
636,Spring学习指南 第4版,75.65
637,RPA机器人流程自动化快速入门 基于Blue Prism,42.33
638,Linux高效运维实战,118.15
639,想记就记：我的神奇笔记法,33.15
640,代码整洁之道 英文版,92.65
641,Selenium WebDriver自动化测试完全指南,58.65
642,编程珠玑 第2版,50.15
643,UNIX网络编程 卷1：套接字联网API（第3版）,143.65
644,国之重器出版工程 从局部到整体5G系统观,169.15
645,Vue.js前端开发基础与项目实战,58.65
646,ROS机器人编程实战,84.15
647,拍好短视频 一部手机就够了 策划拍摄剪辑运营,67.15
648,从零开始：Photoshop CC 2019中文版基础教程,59.42
649,零信任网络：在不可信网络中构建安全系统,50.15
650,深入理解Spring Cloud与微服务构建（第2版）,67.15
651,Node学习指南 第2版,58.65
652,Python核心技术实战详解,75.65
653,UNIX环境高级编程 第3版,143.65
654,Flink入门与实战,50.15
655,SQL入门经典（第6版）,58.65
656,Java EE实战精粹 MyBatis+Spring+Spring MVC,91.80
657,Java 开发从入门到精通（第2版）,92.65
658,科学速读：脑内新世界,42.42
659,智慧场馆与智慧学习,76.42
660,科学可以这样玩,59.42
661,从零开始——AutoCAD 2020中文版机械制图基础教程,50.92
662,动手学深度学习,72.25
663,深入浅出Docker,58.65
664,精准回应 让孩子养成自主自律的好习惯,50.83
665,追梦成长 用梦想成就自己和世界,59.33
666,Adobe Animate CC 2019经典教程,67.15
667,Adobe Audition CC 经典教程（第2版）,67.15
668,认知与改变：CBT对情绪和行为的积极影响,29.75
669,通信简史 从遗传编码到量子信息,66.30
670,VMware vSphere 6.7虚拟化架构实战指南,108.80
671,【抢读版】机器学习入门与实战,None
672,Spark海量数据处理 技术详解与平台实战,84.15
673,思科网络技术学院教程 CCNA安全 第4版,59.50
674,区块链原理与技术应用,58.65
675,京东HRBP启示录,58.65
676,抖音短视频运营全攻略 内容创作+特效拍摄+后期制作+吸粉引流+流量变现,38.25
677,UNIX操作系统设计,84.15
678,疗愈分手之痛,41.65
679,在抑郁打败你之前战胜它,50.15
680,童年之谜 了解儿童内心世界的心理学指南,75.65
681,物联网项目实战：基于Android Things系统,50.15
682,Java程序设计入门（第2版）,67.15
683,超级燃料：好脂肪与坏脂肪,58.65
684,花草工坊：101种天然植物护肤清洁用品DIY,75.65
685,猫在一起 (蓝色版),125.80
686,VR与AR开发高级教程：基于Unity（第2版）,84.83
687,第二曲线创新（第2版）：混沌大学创新必修教科书,58.65
688,AutoCAD 2020中文版建筑与室内设计从入门到精通,93.33
689,金蝶ERP-K3培训教程 财务供应链生产制造 第3版,101.92
690,浪潮之巅 第四版,118.15
691,编程珠玑 续,41.65
692,Spring Boot+Spring Cloud微服务开发实战,67.15
693,树莓派用户指南（第4版）,58.65
694,王朝:动物家族的兴衰,83.30
695,深入浅出GAN生成对抗网络 原理剖析与TensorFlow实践,84.15
696,C++游戏编程 创建3D游戏,84.15
697,深入浅出MySQL：数据库开发、优化与管理维护（第3版）,117.30
698,深度学习与飞桨PaddlePaddle Fluid实战,84.15
699,Linux系统管理初学者指南——基于CentOS 7.6,58.65
700,Adobe Dimension CC 2019经典教程,50.15
701,奇妙数学史：从代数到微积分,50.15
702,Istio实战指南,50.15
703,Android App开发入门与实战,58.65
704,自信力 成为最好的自己 第3版,41.65
705,趋势投资 金融市场技术分析指南,100.30
706,学会说话 社交沟通中的刻意练习,50.15
707,AutoCAD 2021中文版从入门到精通,59.33
708,Java 9 并发编程实战,84.15
709,深度学习实战手册 R语言版,67.15
710,Photoshop人像摄影后期处理技法100问,91.80
711,从零开始—— Windows 10+Office 2016综合应用基础教程,50.83
712,Cinema 4D+Photoshop电商海报设计案例教程,67.15
713,代码整洁之道：程序员的职业素养（英文版）,50.15
714,斗魂：稻盛和夫的成功热情,50.15
715,早餐星球 好看好吃又好瘦的健康早餐攻略,74.80
716,移动互联网运营实训：初级,42.33
717,Cisco Nexus交换机与NX-OS排错指南,161.42
718,全国计算机等级考试教程  二级Access数据库程序设计,42.42
719,5G来了：5G如何改变生活、社会和产业,50.15
720,科学家列传 叁,50.83
721,算法详解（卷1）——算法基础,41.65
722,IPv6技术精要 第2版,126.65
723,Vulkan开发实战详解,118.15
724,UiPath Studio开发入门,41.65
725,Python算法详解,67.92
726,深度学习案例精粹,75.65
727,软件测试核心技术 从理论到实践,58.65
728,仿人机器人开发指南,75.65
729,用户至上 移动UI设计实战指南,58.65
730,股票投资入门10堂课,50.83
731,B2B销售原理与实践,58.65
732,Prometheus技术秘笈,75.65
733,自动化测试主流工具入门与提高,46.75
734,极简思维 高效能人士的思维跃迁,46.75
735,5G网络优化与实践进阶,125.80
736,Linux内核深度解析,117.30
737,数字化转型指南：新商业的思维、方法和工具,33.83
738,从零开始——AutoCAD 2020中文版基础教程,50.83
739,精通Selenium WebDriver 3.0 （第2版）,67.15
740,认知行为疗法进阶,75.65
741,光刻巨人：ASML崛起之路,100.30
742,从0到1：HTML5 Canvas动画开发,76.33
743,跟着迪哥学 Python数据分析与机器学习实战,75.65
744,物联网（IoT）安全的编排与自动化,168.30
745,用插画讲故事 Procreate插画设计与实战,101.15
746,移动端机器学习实战,50.15
747,视觉之外 全链路UI设计思维的培养与提升,67.15
748,Kafka Streams实战,58.65
749,Scratch 3.0少儿编程趣味课,50.15
750,数学也可以这样学：自然、空间和时间里的数学,50.15
751,精通数据科学算法,50.15
752,规律与逻辑——用户体验设计法则,109.65
753,手机短视频全攻略 拍摄技巧+剪辑处理+特效制作+字幕音频,50.15
754,PyTorch深度学习,46.75
755,全栈软件测试自动化：Selenium和Appium(Python版),50.15
756,Java核心技术 卷II：高级特性 第11版·英文版 上下册,135.15
757,Python编程无师自通——专业程序员的养成,50.15
758,重构：改善既有代码的设计（第2版）（精装版）,168.30
759,领域驱动设计 软件核心复杂性应对之道 英文版,84.15
760,Adobe Photoshop CC 2018经典教程（彩色版）,91.80
761,微服务与容器,50.15
762,Robot Framework自动化测试精解,50.15
763,决胜金融安全3.0时代 新金融+新科技+新安全,58.65
764,C++程序设计（第3版）,67.15
765,UI设计基础培训教程（全彩版）,58.65
766,敏捷整洁之道：回归本源（英文版）,58.65
767,全国计算机等级考试教程 二级MS Office高级应用,42.33
768,奇趣大自然： 动物萌宝成长记,50.83
769,Unity 3D 内建着色器源码剖析,75.65
770,5G核心网规划与应用,159.80
771,中国创投100人,55.25
772,超越ERP：SAP Hybris解决方案简明指南,67.15
773,趣学框架设计与应用 DOM游戏卷,58.65
774,软件测试流程设计 从传统到敏捷,50.15
775,测试工程师核心开发技术,75.65
776,业务中台产品搭建指南 电商业务平台全流程设计与实战,58.65
777,计算机视觉度量：从特征描述到深度学习,125.80
778,ANSYS Workbench有限元分析实例详解（动力学）,91.80
779,说话心理学 渗透潜意识的语言说服力,41.65
780,插画教室 专业插画设计技法精解,92.65
781,写给大家看的色彩书1——设计配色基础,50.83
782,计算机科学概论 第13版 英文版,84.15
783,精通软件性能测试与LoadRunner实战 第2版,117.30
784,软件测试效率手册,41.65
785,MATLAB/Simulink系统仿真超级学习手册 第2版,75.65
786,编程的乐趣：用Python解算法谜题,50.15
787,测试工程师全栈技术进阶与实践,67.15
788,Python计算与编程实践 多媒体方法 第4版,84.15
789,犯罪心理分析（修订扩展版）,66.30
790,品牌至上——LOGO设计法则与案例应用解析,59.42
791,自由“字”在 字体设计与创意,58.65
792,React Native移动开发实战 第2版,58.65
793,解墨语 彩墨线稿插画实例教程,67.15
794,Photoshop CC 2019实战从入门到精通,67.15
795,科学家列传 贰,50.83
796,持续交付2.0 业务引领的DevOps精要（精装版）,109.65
797,果壳中的5G 新网络时代的技术内涵与商业思维,67.15
798,国之重器出版工程 5G网络协议与客户感知,142.80
799,微课程和多媒体课件设计与制作规范 第2版,40.80
800,黑暗中的光 抑郁康复者的66封来信,50.15
801,图虫影像志,125.80
802,微信公众平台与小程序开发——从零搭建整套系统（第2版）,58.65
803,人工智能入门 常用工具,50.15
804,打造超级区块链社区：建设、运营、实践,41.65
805,小彗星旅行记 注音版,33.15
806,数与式的奇趣乐园,29.75
807,思维导图学习法 带孩子养成超强思考力（英式思维导图）,91.80
808,深度价值投资 上市公司分析精要,46.75
809,从零开始 PHP网页开发基础,50.15
810,Python编程从入门到精通,67.15
811,华为HCNA路由与交换学习指南,84.83
812,肥胖代码 减肥的秘密,57.80
813,Windows黑客编程技术详解,91.80
814,软件测试专项技术——基于Web、移动应用和微信,50.15
815,面向对象程序设计(Java版),67.15
816,OpenCV+VTK+Visual Studio图像识别应用开发 第2版,75.65
817,下一代网络,142.80
818,持续交付2.0：业务引领的DevOps精要,75.65
819,scikit-learn机器学习（第2版）,50.15
820,Wireshark网络分析从入门到实践,67.15
821,“剪刀手”养成记：Premiere Pro/Final Cut Pro/DaVinci Resolve 视频剪辑纵横,58.65
822,中文版CINEMA 4D R20 实用教程（全彩版）,67.15
823,非常网管 IPv6网络部署实战,84.15
824,开源安全运维平台OSSIM疑难解析：入门篇,75.65
825,Adobe XD CC 2019经典教程（彩色版）,92.65
826,极简父母法则  教出快乐、自信、独立的孩子,41.65
827,计算广告：互联网商业变现的市场与技术（第2版）,84.83
828,Vulkan 应用开发指南,75.65
829,编程原本,67.15
830,终极探索：恐龙王国（修订版）,57.80
831,地球传奇：穿越45亿年的奇妙旅程,57.80
832,软件项目估算,58.65
833,和秋叶一起学Excel（第2版）,84.15
834,5G NR物理层规划与设计,142.80
835,股票大作手操盘术——融合时间和价格的利弗莫尔准则,29.75
836,游戏动漫人体结构造型手绘技法,75.65
837,治愈隐性虐待 从心理虐待中康复的六阶段之旅,58.65
838,星光  外星世界与地球的命运,38.25
839,DirectX 12 3D 游戏开发实战,125.80
840,自制AI图像搜索引擎,50.15
841,字传 商业书法字体设计与应用,67.15
842,零基础学Adobe XD产品设计,50.15
843,Python和NLTK自然语言处理,117.30
844,无器械力量训练彩色图谱,50.15
845,5G无线增强设计与国际标准,118.15
846,远程办公效率手册,50.15
847,智能物联网 区块链与雾计算融合应用详解,41.65
848,AutoCAD 2020从入门到精通,50.15
849,人工智能基础 数学知识,46.75
850,开源安全运维平台OSSIM疑难解析：提高篇,75.65
851,Adobe Illustrator CC 2018中文版经典教程（彩色版）,117.30
852,Spring源码深度解析（第2版）,84.15
853,After Effects印象 影视后期特效插件高级技法精解,83.30
854,平面设计基础与实战 小白的进阶学习之路,67.15
855,Unreal Engine 4 游戏开发指南,50.15
856,在线视频技术精要,84.15
857,Unity 3D ShaderLab 开发实战详解 第3版,67.15
858,Python机器学习,67.15
859,网空态势感知理论与模型,58.65
860,C++ 黑客编程揭秘与防范（第3版）,84.15
861,思科ACI部署完全指南,118.15
862,Adobe Dreamweaver CC 2019经典教程,75.65
863,龙芯电脑使用解析（统信 UOS版）,50.15
864,达尔文的物种起源（插图版）,41.65
865,人工智能（第2版）,91.80
866,Python程序设计与科学计算,41.65
867,国之重器出版工程 5G安全技术与标准,135.15
868,国之重器出版工程 5G时代的承载网,108.80
869,国之重器出版工程 5G网络安全实践,109.65
870,智能经济时代生态大变局 赢战5G,75.65
871,计量单位进化史：从度量身体到度量宇宙,50.15
872,科学家列传 壹,50.83
873,SolidWorks 2020中文版机械设计从入门到精通,58.65
874,CSS3艺术  网页设计案例实战,75.65
875,从零开始学K线（实战操练图解版）,33.15
876,轻松学PHP,67.15
877,秋叶特训营 写作7堂课,55.25
878,思维导图应用实战：画出你的时间表,33.15
879,Wireshark数据包分析实战（第3版）,67.15
880,看见 世界,142.80
881,插画教室 专业插画设计基础教程,101.15
882,渗透测试——完全初学者指南,100.30
883,Python 3破冰人工智能：从入门到实战,59.42
884,软件调试（第2版）卷1：硬件基础,100.30
885,从0到1 HTML5+CSS3修炼之道,59.33
886,Word/Excel/PPT实战技术大全,75.65
887,数据产品经理高效学习手册 产品设计、技术常识与机器学习,50.15
888,电商设计技巧修炼与实战应用（超值版）,33.15
889,中文版Premiere Pro CC入门教程（全彩版）,58.65
890,JavaScript入门经典（第7版）,58.65
891,爱因斯坦的怪物：探索黑洞的奥秘,46.75
892,植物大发现：植物猎人的传奇故事（修订版）,58.65
893,奇点将至,50.15
894,WebAssembly标准入门,41.65
895,5G无线网络技术与规划设计,142.80
896,国之重器出版工程 5G空口特性与关键技术,135.15
897,5G移动通信网络规划与设计,101.15
898,5G无线网络优化,84.15
899,国之重器出版工程 5G安全体系与关键技术,75.65
900,幸福的科学 积极心理学在教育中的应用,55.25
901,Cadence 17.2 电路设计与仿真从入门到精通,75.65
902,SAI＋Photoshop漫画/插画绘制技法全解析,67.15
903,运动健身打卡书,108.80
904,UNIX环境高级编程（第3版·英文版）（上下册）,143.65
905,Java零基础实战,59.33
906,网络虚拟化技术详解：NFV与SDN,67.15
907,品牌记忆 十大行业品牌标志设计案例解析,100.30
908,思维导图应用实战：画出你的思维,38.25
909,Adobe After Effects CC 2018经典教程（彩色版）,100.30
910,奔跑吧 Linux内核 入门篇,75.65
911,人工智能的故事,46.75
912,Adobe InDesign CC 2019经典教程（彩色版）,109.65
913,Adobe Premiere Pro CC 2018经典教程（彩色版）,125.80
914,Unity 游戏开发技术详解与典型案例,100.30
915,零基础学Animate CC UI动效制作,38.25
916,从0到1 jQuery快速上手,42.33
917,字游——字体设计技巧与实战,75.65
918,IBM SPSS Modeler 18.0数据挖掘权威指南,91.80
919,Wireshark网络分析实战（第2版）,100.30
920,新印象——中文版Sketch图标与UI界面设计实例教程,50.15
921,鸟哥的Linux私房菜 基础学习篇（第四版）,100.30
922,Power Query For Excel：让工作化繁为简,58.65
923,和秋叶一起学PPT（第4版）,84.15
924,和秋叶一起学Word（第3版）,75.65
925,商业插画绘制技法与应用解析,75.65
926,国之重器出版工程 5G移动性管理技术,74.80
927,国之重器出版工程 5G无线网络规划与设计,67.15
928,5G网络全专业规划设计宝典,142.80
929,品制牌子 品牌设计的美学之道,67.15
930,交互式对话 解决无效沟通的关键对话方法,55.25
931,战胜考试焦虑 如何在考试时保持冷静、自信和专注,59.33
932,Final Cut Pro X基础培训教程,38.25
933, 51单片机C语言程序设计教程,58.65
934,从零开始：Photoshop工具详解与实战,50.83
935,像素世界 像素画设计专业教程,75.65
936,庖丁解牛Linux内核分析,41.65
937,R语言之书：编程与统计,117.30
938,深入浅出Spring Boot 2.x,84.15
939,从零开始学Python（第2版）,58.65
940,Java核心技术 卷I：基础知识（第11版•英文版）（上下册）,126.65
941,C++编程自学宝典,58.65
942,C语言从入门到精通,59.33
943,程序员的7堂职场课,41.65
944,用户增长实战100问,50.83
945,知行：技术人的管理之路,57.80
946,深度强化学习原理与实践,84.15
947,软件性能测试与LoadRunner实战教程（第2版）,91.80
948,Excel 2019从新手到高手,50.83
949,Python统计分析,67.15
950,Elasticsearch实战,67.15
951,Java编程技术大全,101.15
952,After Effects 动态图形设计—入门技法与基础创作,58.65
953,卡通IP时代 品牌卡通形象设计揭秘（第3版）,75.65
954,面向5G的蜂窝物联网（CIoT）规划设计及应用,108.80
955,国之重器出版工程 5G关键技术与工程建设,74.80
956,人工智能 改变未来的颠覆性技术,41.65
957,依恋与12种亲子关系力,46.75
958,Revit MEP 2020中文版 管线综合设计从入门到精通,67.83
959,UG NX 12中文版机械设计与加工自学手册,63.75
960,用Python写网络爬虫（第2版）,41.65
961,Photoshop CC超级学习手册   ,91.80
962,Kotlin入门与实战,75.65
963,算法设计（英文版）,117.30
964,全程软件测试（第3版）,109.65
965,AutoCAD 2019中文版实战从入门到精通,67.83
966,人人都是数据分析师：微软Power BI实践指南,67.15
967,持续集成与持续部署实践,75.65
968,MySQL数据库管理实战,84.15
969,惊鸿  SAI古风插画绘制技法教程,67.15
970,由浅入深学习SAP财务,100.30
971,踮起脚尖去够你想要的生活,33.15
972,从零开始：HTML5+CSS3快速入门教程,50.83
973,零基础学After Effects CC 2018 全视频教学版,50.15
974,5G开启万物智能,58.65
975,国之重器出版工程 5G在智能电网中的应用,108.80
976,面向5G和B5G的先进多载波技术,108.80
977,HTTP抓包实战,50.15
978,创字录 字体设计必修课,58.65
979,Spring微服务实战,67.15
980,教孩子学编程 信息学奥赛C语言版,58.65
981,轻松读懂区块链,41.65
982,人工智能初学者指南,50.15
983,DK天才百科 硅谷工程师爸爸给孩子的每日知识,108.80
984,从0到1 JavaScript 快速上手 微视频版,42.33
985,微服务实践,41.65
986,计算金融基础教程——基于MATLAB,75.65
987,Adobe Animate CC 2018经典教程,67.15
988,游戏AI程序设计实战,50.15
989,Wireshark与Metasploit实战指南,58.65
990,自制编程语言,75.65
991,C++从入门到精通,67.15
992,深入浅出人工神经网络,58.65
993,MATLAB从入门到精通,59.33
994,C++模板元编程实战：一个深度学习框架的初步实现,58.65
995,深入浅出数据科学,58.65
996,数据科学实战手册（第2版）,58.65
997,西伯利亚明珠 贝加尔湖科考纪实,50.15
998,从0到1 HTML+CSS快速上手 微视频版,38.25
999,CCNA 网络安全运营 SECFND 210-250认证考试指南,109.65
1000,花点时间好奇一下,50.15
1001,深度学习导论 精装版,75.65
1002,交易操盘技法精解,41.65
1003,无人机详解与剖析,41.65
1004,选择自己：如何让时间变现，成为更有价值的自己,42.33
1005,建筑信息模型（BIM）专业技术人员岗位能力评价标准,27.20
1006,花点时间好奇一下2：从大爆炸到超弦理论,50.15
1007,UI设计基础培训教程,38.25
1008,仿生产品设计,75.65
1009,软件工程（第4版•修订版）,75.65
1010,Tableau Desktop可视化高级应用,75.65
1011,零基础快速入行入职软件测试工程师,58.65
1012,Event-B建模：系统和软件工程,109.65
1013,D3 4.x数据可视化实战手册（第2版）,58.65
1014,Python神经网络编程,58.65
1015,思科网络技术学院教程：CCNA网络安全运营,68.00
1016, 太阳系的奇迹（第二版）,84.15
1017, 宇宙的奇迹（第二版）,84.15
1018,深度学习企业实战——基于R语言,50.15
1019,京东质量团队转型实践——从测试到测试开发的蜕变,67.15
1020,精通数据科学：从线性回归到深度学习,84.15
1021,从0到1 HTML+CSS+JavaScript快速上手,67.83
1022,分布式缓存——原理、架构及Go语言实现,41.65
1023,深度学习实战之PaddlePaddle,58.65
1024,看盘擒涨停（实战操练图解版）,33.15
1025,喵呜不停,108.80
1026,Scratch 2.0少儿游戏趣味编程,58.65
1027,去繁从简 交互设计知识体系精讲,58.65
1028,终极探索：魔兽世界（修订版）,57.80
1029,Navisworks 2018完全自学教程（培训教材版）,38.25
1030,LabVIEW2018中文版 虚拟仪器程序设计自学手册,67.83
1031,MATLAB从入门到精通（第2版）,75.65
1032,JavaScript函数式编程思想,50.15
1033,量化交易学习指南——基于R语言,58.65
1034,百面机器学习 算法工程师带你去面试,75.65
1035,Adobe InDesign CC 2018经典教程,67.15
1036,Java数据分析指南,67.15
1037,荒野求生秘技(修订版）,50.15
1038,低功耗蓝牙智能硬件开发实战,84.15
1039,Python数据可视化编程实战（第2版）,58.65
1040,猎豹行动：硝烟中的敏捷转型之旅,33.15
1041,Kibana数据可视化,50.15
1042,SQL Server On Linux运维实战,84.15
1043,区块链基础知识25讲,50.15
1044,玩转EVE-NG——带您潜入IT虚拟世界,84.15
1045,无穷的开始：世界进步的本源（第2版）,63.75
1046,程序员学数据结构,50.15
1047,洛煌笈（典藏）,100.30
1048,新印象 中文版CINEMA  4D R19建模/灯光/材质/渲染技术精粹与应用,75.65
1049,PHP安全之道 项目安全的架构、技术与实践,67.15
1050,中国神秘动物全鉴,67.15
1051,青少年学Python,67.15
1052,开放式控制系统编程技术,91.80
1053,离岸交付：分布式团队协作指南,58.65
1054,CAE分析大系 ANSYS nCode DesignLife疲劳分析基础与实例教程,67.15
1055,全栈工程师Web开发指南,67.15
1056,区块链与人工智能 构建智能化数字经济世界,58.65
1057, 人类宇宙 （第二版）,84.15
1058,给Python点颜色——青少年学编程,50.83
1059,分布式对象存储——原理、架构及Go语言实现,50.15
1060,国之重器出版工程 5G承载关键技术与规划设计,67.15
1061,国之重器出版工程 5G移动通信 面向全连接的世界,143.65
1062,质性研究数据分析工具NVivo 12 实用教程,50.15
1063,远程办公全攻略：即时沟通+在线协作+协同管理+移动办公方案,41.65
1064,PPT效率手册,50.83
1065,Cinema 4D电商美工与视觉设计案例教程（培训教材版）,38.25
1066,Revit 2020中文版从入门到精通,58.65
1067,同饮一江水：湄公河科考纪行,50.15
1068,Creo Parametric 5.0动力学与有限元分析从入门到精通,58.65
1069,重构：改善既有代码的设计（第2版·英文版）,108.80
1070,3ds Max 2018超级学习手册,101.15
1071,青少年Python编程入门,38.25
1072,实用型思维导图全解析：思维方法+软件绘制+应用案例,33.15
1073,Python程序设计（第3版）,58.65
1074,JavaScript函数式编程指南,50.15
1075,RISC-V架构与嵌入式开发快速入门,67.15
1076,Keras深度学习实战,50.15
1077,反应式Web应用开发,58.65
1078,大数据开发者权威教程：大数据技术与编程基础,92.65
1079,HBase入门与实践,50.15
1080,科学速读：爱因斯坦的新宇宙,33.15
1081,亲子沟通密码  培养高情商的孩子就这么简单,41.65
1082,秋叶特训营 高效学习7堂课,50.15
1083,简明观星指南,59.42
1084,Go语言入门经典,50.15
1085,树莓派机器人实战秘笈（第3版）,58.65
1086,带你步入编程世界：Scratch 2.0零基础入门,63.75
1087,5G无线系统设计与国际标准,135.15
1088,国之重器出版工程 5G无线接入网架构及关键技术,135.15
1089,国之重器出版工程 5G-NR信道编码,83.30
1090,5G网络的机遇 研究和发展前景,169.15
1091,可视化H5页面设计与制作  Mugeda标准教程,50.83
1092,画树读心 一张图读懂内心世界,67.15
1093,探索设计中的灵感 植物美学,84.15
1094,探索设计中的灵感 动物美学,84.15
1095,Kali Linux无线渗透测试指南（第3版）,41.65
1096,新印象—CINEMA 4D电商设计基础与实战（全视频微课版）,84.15
1097,H5创意与广告设计,50.83
1098,Python深度学习,50.15
1099,Adobe Dreamweaver CC 2018经典教程,58.65
1100,Adobe XD CC 2018经典教程(彩色版),84.15
1101,App自动化测试与框架实战,67.15
1102,Python应用开发实战,67.15
1103,macOS应用开发基础教程,91.80
1104,Python数据分析（第2版）,58.65
1105,Android 嵌入式编程,58.65
1106,古风插画板绘技法100问精讲,135.15
1107,SolidWorks 2018中文版完全自学手册,75.65
1108,Scala实用指南,58.65
1109,UI设计手绘表现从入门到精通,58.65
1110,CSS世界,58.65
1111,AWS云计算实战,67.15
1112,UG NX 12中文版动力学与有限元分析自学手册,67.15
1113,月球旅行指南,46.75
1114,破茧成蝶2——以产品为中心的设计革命 ,67.15
1115,Excel 2019从入门到精通（移动学习版）,42.33
1116,5G移动无线通信技术,100.30
1117,字体设计进化论,58.65
1118,PHP、MySQL和JavaScript入门经典（第6版）,84.15
1119,前端程序员面试秘籍,58.65
1120,高财商 轻松实现财务自由的思考力和行动力,50.15
1121,Word/Excel/PPT 2019从入门到精通 移动学习版,42.33
1122,在路上：一次奇妙的自然探索之旅,50.15
1123,深度学习,142.80
1124,JavaScript忍者秘籍（第2版）,84.15
1125,科学速读：量子物理新话,33.15
1126,绘绎东方——缚海集,91.80
1127,学电脑（Windows 10+Office 2019）从入门到精通（移动学习版）,42.33
1128,R大数据分析实用指南,84.15
1129,跟老韩学Linux运维,117.30
1130,Adobe InDesign CC 2018经典教程（彩色版）,108.80
1131,手把手教你设计CPU——RISC-V处理器篇,84.15
1132,博物之旅：山水间的自然笔记,67.15
1133,PowerPoint 2019从入门到精通（移动学习版）,42.33
1134,UI设计启示录：创意＋对比＋实战,83.30
1135,ITaaS框架完全指南,58.65
1136,机器学习经典算法剖析——基于OpenCV,58.65
1137,新印象——解构UI界面设计,67.15
1138,接口自动化测试持续集成  Postman+Newman+Git+Jenkins+钉钉,55.25
1139,Java架构师指南,75.65
1140,Android 并发开发,41.65
1141,竞技游戏设计实战指南：MOBA+RTS+TCG+FPS,67.15
1142,中文版Flash CC动画制作实用教程,42.33
1143,你是孩子的光——智慧妈妈成长法则,41.65
1144,MarTech 营销技术：原理、策略与实践,67.15
1145,基于BIM的Revit 2019中文版建筑设计实战演练,59.33
1146,Photoshop CC 2017 淘宝美工设计实例教程,58.65
1147,百年地理大发现：雅鲁藏布大峡谷,50.15
1148,天水三江：三江源自然保护区诞生记,50.15
1149,斯瓦尔巴德群岛：北极科研大本营,50.15
1150,天堂亚马孙：雨林探险的日日夜夜,50.15
1151,科学史话：改变世界的100个实验,67.15
1152,Hadoop虚拟化,75.65
1153,SQL优化核心思想,67.15
1154,图像局部特征检测和描述：基于OpenCV源码分析的算法与实现,58.65
1155,Adobe Illustrator CC 2017中文版经典教程（彩色版）,108.80
1156,精通Python爬虫框架Scrapy,50.15
1157,Office 2019办公应用实战从入门到精通,38.25
1158,Word/Excel/PPT 2019办公应用实战从入门到精通,38.25
1159,Excel 2019办公应用实战从入门到精通,38.25
1160,深度学习入门与实战：基于TensorFlow,58.65
1161,Go Web编程,67.15
1162,数字化金融 人工智能 区块链 云计算 大数据与数字文化,63.75
1163,山地车圣经：骑行技术完全手册（第3版）,84.15
1164,Kali Linux 2网络渗透测试实践指南,67.15
1165,机器人爱好者 第8辑,50.15
1166,墨象艺术 品牌设计与创作思路,58.65
1167,MATLAB 2018从入门到精通,109.65
1168,Axure RP8网站与App原型设计经典实例教程（超值版）,41.65
1169,TCP/IP入门经典（第6版）,67.15
1170,软件测试架构实践与精准测试,50.15
1171,中文版3ds Max/VRay室内效果图制作实训教程,76.42
1172,5G移动边缘计算,50.15
1173,极简办公 职场Word基础课,33.15
1174,Cinema 4D电商美工与视觉设计案例教程,58.65
1175,从零开始：CINEMA 4D快速入门教程,67.83
1176,micro:bit超好玩——米爸带你学编程,50.15
1177,天文摄影鉴赏与指南,41.65
1178,飞越太阳系,41.65
1179,Python 3.0科学计算指南,58.65
1180,深度学习与TensorFlow实战,50.15
1181,全程软件测试（十周年版）,169.15
1182,OCaml语言编程基础教程,67.15
1183,Spring学习指南 （第3版）,None
1184,IT运维之道（第2版）,46.75
1185,Linux就该这么学,67.15
1186,深入解析Windows操作系统 卷I（英文版•第7版）,108.80
1187,Cisco Firepower威胁防御（FTD）设备的高级排错与配置,117.30
1188,大数据开发者权威教程：NoSQL、Hadoop组件及大数据实施,92.65
1189,字体故事——六大字体设计原理及实战应用,42.33
1190,随身查 Excel图表制作应用技巧,16.83
1191,Android 游戏案例开发大全（第4版）,91.80
1192,金蝶ERP-K/3标准财务培训教程（14.x版）,58.65
1193,科学速读：脑内新世界,33.15
1194,中文版CINEMA 4D R18 实用教程（全彩版）,67.15
1195,深度学习原理与实践,75.65
1196,Java数据科学指南,67.15
1197,UG NX12中文版完全自学手册,91.80
1198,完美讲堂 3ds Max游戏美术设计与制作技法精讲,83.30
1199,Docker实践,67.15
1200,迈向5G——从关键技术到网络部署,100.30
1201,自控力实验,41.65
1202,SolidWorks 2018有限元  运动仿真与流场分析自学手册,84.15
1203,设计之道 工业产品设计与手绘表达（第2版）,58.65
1204,高效阅读  培养终身受用的阅读力,42.33
1205,30天App开发从0到1：APICloud移动开发实战,58.65
1206,插画师之路：人物角色设计与场景插画手绘技法,100.30
1207,思科网络技术学院教程（第6版）：连接网络,38.25
1208,.NET性能优化,58.65
1209,C语言从入门到精通（精粹版）,67.83
1210,品牌设计法则,125.80
1211,Android APP开发实战——从规划到上线全程详解,58.65
1212,Java从入门到精通（精粹版）,67.83
1213,程序员学Python,75.65
1214,MG动画设计5项修炼：文案+脚本+图形+动作+后期,58.65
1215,Unity 案例开发大全（第2版）,84.83
1216,机器人爱好者 第7辑,50.15
1217,怪咖物理学家的宇宙,50.15
1218,ANSYS 19.0有限元分析完全自学手册,67.15
1219,Python数字信号处理应用,38.25
1220,Oracle从入门到精通,59.33
1221,Yii2框架从入门到精通,75.65
1222,字不语——手写字体设计与应用方法解析,74.80
1223,哈勃深空美景,59.42
1224,旅行者号的故事,59.42
1225,决胜用户增长：八大理论、六大案例，让你快速实现用户增长,41.65
1226,零基础学Photoshop+Illustrator平面设计（全视频教学版）,50.15
1227,5G系统关键技术详解,159.80
1228,零基础学Illustrator CS6（全视频教学版）,50.15
1229,Cinema 4D R18基础与实战教程（全彩版）,72.25
1230,Navisworks 2018完全自学教程,58.65
1231,数学不简单——从《最强大脑》发现思维乐趣,33.15
1232,Unreal Engine 虚拟现实开发,76.42
1233,Python贝叶斯分析,58.65
1234,C程序设计新思维（第2版）,67.15
1235,Linux二进制分析,50.15
1236,Cocos Creator完全使用手册,50.15
1237,软件定义安全及可编程对抗系统实战,58.65
1238,随身查 PPT办公高手应用技巧,25.42
1239,UNIX/Linux/OS X中的Shell编程（第4版）,58.65
1240,糖色时光 日系唯美人像摄影与后期实战攻略,84.15
1241,机甲风暴,100.30
1242,漫画面向对象编程（Java语言版）,38.25
1243,Adobe Photoshop CC 2017经典教程（彩色版）,84.15
1244,航天器日历2020,75.65
1245,Minecraft我的世界：新手入门完全攻略,74.80
1246,C++ Templates（第2版）英文版,134.30
1247,视觉之旅：奇妙的化学反应（彩色典藏版）,59.33
1248,UG NX12中文版从入门到精通,67.15
1249,Windows PowerShell实战指南（第3版）,67.92
1250,趣学算法,75.65
1251,网页美工设计Photoshop+Flash+Dreamweaver从入门到精通 第2版,67.15
1252,文本上的算法——深入浅出自然语言处理,58.65
1253,黑客揭秘与反黑实战——基础入门不求人,50.83
1254,Git高手之路,75.65
1255,外语流利说：如何快速学习一门语言,50.15
1256,深入理解Spring Cloud与微服务构建,58.65
1257,Python高级编程（第2版）,75.65
1258,网络多人游戏架构与编程,101.92
1259,优雅的等式：欧拉公式与数学之美,33.15
1260,信息图表其实很简单,67.15
1261,思科网络技术学院教程（第6版）：扩展网络,55.25
1262,Selenium自动化测试——基于 Python 语言,41.65
1263,远离伤痛：释放自由奔跑的潜能（第2版）,58.65
1264,机甲概念设计解析,100.30
1265,Axure RP8.0产品原型设计与制作实战,50.15
1266,设计驱动力——途牛旅游用户体验设计之旅,67.15
1267,新编 Photoshop/CorelDRAW字体设计入门与提高,50.83
1268,微服务分布式构架开发实战,50.15
1269,昆虫记：你不可不知的蚁类王国,38.25
1270,微课实战：MG动画微视频制作入门,50.15
1271,不正经的科学：对那些古怪问题的另类研究,38.25
1272,奔跑吧 Linux内核,134.30
1273,PHP和MySQL Web开发学习指南,67.15
1274,Cocos2d-x 3.x 案例开发大全（第2版）,75.65
1275,程序开发人员测试指南：构建高质量的软件,58.65
1276,Python物理学高效计算,84.15
1277,鹿人说 淘宝天猫运营实战技巧精粹I,84.15
1278,奇妙数学史：数字与生活,41.65
1279,数据科学家访谈录,58.65
1280,R语言统计分析与应用,76.42
1281,Unreal Engine 4游戏开发入门经典,75.65
1282,Python游戏编程快速上手（第4版）,67.92
1283,新印象  3ds Max/VRay/Photoshop 创客空间设计与效果图表现技法,57.80
1284,CCENT/CCNA ICND1（100-105）认证考试指南（第5版）,108.80
1285,游泳突破：精进技术,50.15
1286,脂肪革命：高脂低碳，科学生酮,57.80
1287,实验室的魔法手册,67.83
1288,AutoCAD 2019中文版从入门到精通,50.15
1289,Excel数据控的高效分析手册,29.75
1290,不急不躁  用游戏提升儿童学习力,41.65
1291,不急不催   轻松让孩子学会时间管理,50.15
1292,地球脉动2：奇迹世界,93.42
1293,UG NX 12.0中文版实战从入门到精通,67.83
1294,户外探险技能手册（修订版）,58.65
1295,龙芯电脑使用解析,50.15
1296,阿波罗大揭秘,41.65
1297,宇航员传奇,41.65
1298,未来学徒：读懂人工智能飞驰时代,42.50
1299,React Native移动开发实战,58.65
1300,Python高性能编程,84.83
1301,游戏开发者访谈录,50.15
1302,字演 字体设计与应用全攻略,67.15
1303,具体生活,67.15
1304,IP组播（第2卷）,75.65
1305,Kafka入门与实践,58.65
1306,多变量公钥密码芯片技术原理和实践,84.15
1307,VMware vSphere 6.5企业运维实战,100.30
1308,山精海怪——萌系山海经完全图谱,144.42
1309,选择的艺术：Photoshop图像处理深度剖析（第4版）,134.30
1310,jQuery EasyUI网站开发实战,67.15
1311,B/S项目开发实战 HTML+CSS+jQuery+PHP,67.15
1312,Julia数据科学应用,58.65
1313,HTML5+CSS3+jQuery Mobile APP与移动网站设计从入门到精通,58.65
1314,黑客攻防从入门到精通,50.83
1315,TMMi精华——目标驱动的测试过程改进,58.65
1316,抖音短视频全攻略 录制+特效+直播+运营,38.25
1317,秋叶Office：Word Excel PPT 办公应用从新手到高手,42.33
1318,TensorFlow机器学习项目实战,41.65
1319,JavaScript框架设计（第2版）,80.75
1320,Android应用案例开发大全（ 第4版）,84.15
1321,游泳突破：提速秘诀,46.75
1322,昆虫记：你不可不知的甲虫王国,38.25
1323,物联网技术发展、机遇与挑战,41.65
1324,SolidWorks 2019中文版机械设计从入门到精通,58.65
1325,PADS VX.2.2电路设计与仿真从入门到精通,58.65
1326,软件的奥秘——加密、密码、压缩、搜索是如何工作的,41.65
1327,逆向工程权威指南,142.80
1328,国之重器出版工程 5G无线接入网络 雾计算和云计算,135.15
1329,随身查 Word 办公高手应用技巧,22.78
1330,疯狂科学2（第二版）,57.80
1331,疯狂科学（第二版）,57.80
1332,H5移动营销广告设计全攻略：软件操作+应用开发+视觉设计+实战案例,50.15
1333,Autodesk Inventor 2019中文版从入门到精通,67.15
1334,鹿人说 淘宝天猫运营实战技巧精粹Ⅱ,84.15
1335,精通Nginx(第2版),50.15
1336,游泳突破：精准训练,46.75
1337,概率图模型：基于R语言,50.15
1338,深度学习实践指南——基于R语言,58.65
1339,思科网络技术学院教程（第6版）：网络简介,51.00
1340,21天学通C++（第8版）,84.15
1341,DevOps开发运维训练营,50.15
1342,UI图标设计 从入门到精通 第2版,67.15
1343,Python数据科学入门,58.65
1344,R语言入门经典,84.15
1345,Netty实战,58.65
1346,Adobe Premiere Pro CC 2017经典教程,67.15
1347,创业7堂课,50.83
1348,Azure 机器学习,46.75
1349,想象力：构图与创作思维,108.80
1350,基于项目的STEM课程群的构建实践与思维训练,42.33
1351,高转化的设计力：Photoshop视觉设计专业教程,84.15
1352,Word/Excel/PPT 2019办公应用从入门到精通,42.33
1353,青春模样 人像摄影与后期处理技法揭秘,75.65
1354,中文版Photoshop CC 2018完全自学教程,84.15
1355,工业企业上云应用指南,33.15
1356,一条线建模——Rhino产品造型进阶教程,125.80
1357,Python趣味编程入门,41.65
1358,思科网络技术学院教程（第6版）：路由和交换基础,42.50
1359,UML基础、案例与应用（第3版）（修订版）,50.15
1360,Scala谜题,41.65
1361,用户体验可视化指南,84.83
1362,调色师手册：电影和视频调色专业技法（第2版）,142.80
1363,UI动效大爆炸——After Effects移动UI动效制作学习手册,142.80
1364,BGP路由协议排错指南,134.30
1365,Windows Sysinternals实战指南,100.30
1366,奇妙的元素周期表,57.80
1367,App架构师实践指南,67.15
1368,对话大数据 政府/工业/金融/医疗/人才行业创新与应用案例分析,38.25
1369,Go语言实战,59.33
1370,瑜伽经典体式完全图解：自我练习提升指南,84.15
1371,零基础学MG动画制作（全视频教学版）,58.65
1372,电商训练营 网店运营	,33.83
1373,数据模型记分卡,50.15
1374,遇见最美的你 人像摄影与后期处理完全攻略,75.65
1375,破译Web UI——网页UI设计规范、流程与实战案例,67.15
1376,沟通的困境：四色行为模式沟通技巧,49.30
1377,TensorFlow技术解析与实战,67.15
1378,国之重器出版工程 5G UDN（超密集网络）技术详解,91.80
1379,Mobile Edge Computing in 5G Communication Systems,50.15
1380,自行车骑行训练突破：超长距离骑行指南,67.15
1381,高效写作——培养终身受用的写作力,42.33
1382,Oracle 12c数据库应用与开发,75.65
1383,机器学习实践指南——基于R语言,50.15
1384,OpenStack云计算实战手册（第3版）,None
1385,孕·迹——孕照摄影从入门到精通,91.80
1386,Python设计模式（第2版）,33.15
1387,Python物理建模初学者指南,50.15
1388,Python金融实战,67.15
1389,乐高创意指南：火车模型设计与搭建技巧,63.75
1390, Adobe Dreamweaver CC 2017 中文版经典教程,67.15
1391,深入理解Android内核设计思想（第2版）（上下册）,134.30
1392,机器学习Web应用,50.15
1393,神经网络算法与实现——基于Java语言,50.15
1394,嗨！元素：奇幻旅程,41.65
1395,老邮差 Photoshop数码照片处理技法 蒙版篇（第2版）,75.65
1396,写给设计师看的印前工艺书（第2版）,58.65
1397,林中四季：一位博物学家的自然观察笔记,50.15
1398,乐高EV3机器人编程超简单,58.65
1399,蒙尘缪斯的微光：从古代到启蒙时代的博学女性,74.80
1400,Adobe InDesign CC 2017中文版经典教程,67.15
1401,如何建造一颗死星：未来世界的25项伟大发明,50.15
1402,图解宇宙的尺度,58.65
1403,零基础学Photoshop CS6（全视频教学版）,50.15
1404,零基础学Photoshop CC 2018（全视频教学版）,50.15
1405,思维导图攻略：快速上手与落地实践,41.65
1406,乐高EV3机器人编程超好玩,50.15
1407,JavaScript学习指南（第3版）,50.15
1408,灵性森林：万物生长的天堂,74.80
1409,昆虫记：你不可不知的蜂类王国,38.25
1410,Photoshop CC 2018标准培训教程 ,50.83
1411,AutoCAD 2019中文版计算机辅助绘图全攻略,67.83
1412,R语言编程指南,84.15
1413,在悖论中前行：物理学史话,41.65
1414,物联网商业设计与案例,41.65
1415,Adobe After Effects CC 2017经典教程,50.15
1416,Web前端开发精品课 HTML CSS JavaScript基础教程,58.65
1417,Python机器学习实践指南,58.65
1418,关联数据：万维网上的结构化数据,58.65
1419,MPLS在SDN时代的应用,159.80
1420,精通Python自然语言处理,50.15
1421,轻流程：IT团队的积分式绩效管理,59.42
1422,Kotlin程序开发入门精要,58.65
1423,Adobe Animate CC 2017中文版经典教程,67.15
1424,机器学习实践应用,None
1425,零基础学设计——从自学入门到职场进阶,50.15
1426,瑜伽精准练习指南：从初学到高手,67.15
1427,自己动手写神经网络,46.75
1428,龙芯自主可信计算及应用,58.65
1429,老邮差  Photoshop数码照片处理技法 图层篇（修订版）,75.65
1430,5G移动通信系统 从演进到革命,58.65
1431,自然原力,84.15
1432,昆虫记：你不可不知的螳螂王国,38.25
1433,Android 源码设计模式解析与实战（第2版）,84.15
1434,从学生到创业者 清华x-lab案例课,41.65
1435,大数据分析师权威教程：大数据分析与预测建模,91.80
1436,逆向分析实战,50.15
1437,创客指南——玩转电动机,67.15
1438,Java EE核心框架实战（第2版）,84.15
1439,Web前端开发精品课 JavaScript基础教程,41.65
1440,VMware vSphere企业级网络和存储实战,91.80
1441,无人机可以很简单,41.65
1442,TCP/IP路由技术（第2卷）（第2版）,169.15
1443,Tomcat内核设计剖析,67.15
1444,人体是如何工作的,50.15
1445,Oracle PL/SQL程序设计（第6版）（上下册）,169.83
1446,Google Cardboard App 开发指南,50.15
1447,从零开始学UI——概念解析/实战提高/突破规则,67.15
1448,实用机器学习,67.15
1449,非常网管：网络管理从入门到精通（第3版）,84.15
1450,字白书——特效字体设计专业教程,67.15
1451,拒绝伤病：跑步损伤预防与恢复指南,50.15
1452,动起来吧！远古怪兽,58.65
1453,动起来吧！恐龙复活,58.65
1454,动起来吧！人体世界,58.65
1455,三步玩转短视频,38.25
1456,AutoCAD 3ds Max Photoshop CC室内设计从入门到精通,50.15
1457,电商训练营 淘宝天猫开店,33.83
1458,电商训练营 网店美工	,59.33
1459,Photoshop专业抠图技法（第2版）,67.83
1460,美食大冒险之英雄烩 艺术设定集,125.80
1461,乐高妙妙屋：玩转变形金刚,63.75
1462,人工智能简史,38.25
1463,iOS 11 开发指南,100.30
1464,Adobe After Effects CC 2017经典教程（彩色版）,91.80
1465,概率编程实战,75.65
1466,编写高性能的.NET代码,50.15
1467,大数据分析师权威教程：机器学习、大数据分析和可视化,67.15
1468,OpenStack常用部署,58.65
1469,Vue.js 前端开发 快速入门与专业应用,38.25
1470,精解Windows 10 第2版,67.15
1471,感知型企业：数据驱动的商业决策演进,58.65
1472,老邮差 Photoshop数码照片处理技法 通道篇（修订版） ,75.65
1473,正在发生的AR（增强现实）革命——完全案例+深度分析+趋势预测,41.65
1474,Word/Excel/PPT 2016办公应用从入门到精通,59.33
1475,树的秘密生活,41.65
1476,知行合一： 实现价值驱动的敏捷和精益开发,93.33
1477,精通MATLAB科学计算与数据统计应用,67.15
1478,构建之法——现代软件工程（第三版）,58.65
1479,5G 2020后的移动通信,50.15
1480,从“小白”到美术指导  广告创意与设计执行,50.15
1481,Minecraft 我的世界 PE手机版完全攻略,55.25
1482,写给焦虑的你,50.15
1483,PPT设计从入门到精通,67.15
1484,掌控自己——轻松构建高效的个人管理模型,41.65
1485,零基础学Photoshop淘宝美工设计(全视频教学版),50.15
1486,版式设计从入门到精通（第2版）,67.15
1487,Flash CS6标准培训教程 ,50.83
1488,今日头条全攻略 后台操作+内容创作+指数提升+广告变现+营销运营,50.15
1489,新手学电脑（Windows 10+Office 2016）从入门到精通 云课版 ,42.33
1490,营销大咖说2  中国企业互联网营销的创新与变革,41.65
1491,Foxtable数据库应用开发宝典,84.15
1492,写作疗愈 用写作赶走焦虑、拖延、坏情绪,41.65
1493,不急不乱  轻松养育多孩,50.15
1494,AutoCAD 2018中文版电气设计从入门到精通,41.65
1495,AutoCAD 2018中文版建筑设计从入门到精通,41.65
1496,从跨界到专精——T型产品经理的自我修炼,41.65
1497,大脑是如何工作的,46.75
1498,Robotis OP仿人机器人权威指南,101.15
1499,C Primer Plus（第6版）中文版（请购买本书新版（ISBN:978-7-115-52163-7）购买地址https://www.epubit.com/bookDetails?id=UB6c9655f9db317）,75.65
1500,自动化交易R语言实战指南,58.65
1501,Unreal Engine 4蓝图可视化编程,41.65
1502,贝叶斯方法：概率编程与贝叶斯推断,75.65
1503,CTO说,50.15
1504,植物传奇：改变世界的27种植物,63.75
1505,Yii框架深度剖析,58.65
1506,QQ微信创意表情包设计,50.15
1507,数据建模经典教程（第2版）,50.15
1508,互联网产品经理实务全书,58.65
1509,ANSYS Workbench有限元分析实例详解（静力学）,67.15
1510,Android Gradle权威指南,50.15
1511,设计·新生 日本长销产品品牌设计解析  包装演变+产品定位+市场策略,50.15
1512,新媒体美工设计全攻略：小程序+公众号+朋友圈+H5界面+微商+微博+直播,50.15
1513,疯狂科学2（少儿版）,49.30
1514,脂肪的秘密：为什么减肥如此艰难,46.75
1515,Producter：让产品从0到1,58.65
1516,从瘦弱到强壮：12周增肌复合训练指南,46.75
1517,Adobe Premiere Pro CC 2017经典教程（彩色版）,117.30
1518,姿势决定健康：每天15分钟，轻松保持强健身体,67.15
1519,从优秀到卓越：如何做一名成功的健身教练（第2版）,46.75
1520,驾驭压力：受益终身的8条抗压守则,46.75
1521,Excel 2010经典教程——图表制作,75.65
1522,创客手册：创意机器人制作实例,41.65
1523,树莓派开发实战（第2版）,75.65
1524,微信小程序开发实战,41.65
1525,爱上Android,58.65
1526,嗨！元素：小剧场,33.15
1527,龙芯应用开发标准教程,58.65
1528,Creo 4.0中文版实战从入门到精通,67.83
1529,AutoCAD 2018中文版室内装潢设计从入门到精通,50.15
1530,电脑办公（Windows 10+Office 2016）从入门到精通,50.83
1531,Akka入门与实践,41.65
1532,区块链2.0：以太坊应用开发指南,50.15
1533,Windows 10深度攻略,59.33
1534,老邮差 Photoshop数码照片处理技法 色彩篇（修订版）,75.65
1535,遗留系统重建实战,46.75
1536,精通Wireshark,58.65
1537,软件性能测试学习笔记之LoadRunner实战 ,58.65
1538,深度学习精要（基于R语言）,41.65
1539,NLTK基础教程——用NLTK和Python库构建机器学习应用,41.65
1540,藏在取景器后的小确幸——生活摄影与后期指南,50.15
1541,肌肉训练图解,41.65
1542,Div+CSS3.0网页布局实战从入门到精通（第2版）,42.33
1543,Photoshop淘宝网店设计与装修完全实例教程（全彩超值版）,84.15
1544,Python机器学习——预测分析核心算法,58.65
1545,机器学习与数据科学（基于R的统计学习方法）,50.15
1546,Web前端开发精品课——HTML5 Canvas开发详解,67.15
1547,前端体验设计——HTML5+CSS3终极修炼,67.15
1548,软技能：代码之外的生存指南,50.15
1549,游戏/动漫人物造型专业手绘技法（古风篇）,49.30
1550,数据湖架构,41.65
1551,计算机科学概论（第12版）,58.65
1552,舞动冰雪：单双板滑雪自学教程,63.75
1553,乐高梦工厂：29个世界经典乐高模型,41.65
1554,AutoCAD 2018中文版完全自学手册,84.15
1555,Direct 3D 12编程指南,50.15
1556,Vim实用技巧（第2版）,50.15
1557,Git学习指南,50.92
1558,OpenStack实战,67.15
1559,Photoshop Lab修色圣典 第2版 ,142.80
1560,JavaScript数据可视化编程,84.15
1561,Clojure编程乐趣（第2版）,75.65
1562,量化金融R语言初级教程,41.65
1563,互联网销售营销推广一册通,41.65
1564,大学之路 陪女儿在美国选大学 第二版,84.15
1565, Python编程快速上手——让繁琐工作自动化,None
1566,Unity 5.x游戏开发实战,50.15
1567,量化金融R语言高级教程,67.15
1568,机器人爱好者 （第6辑）,41.65
1569,创意UI——Photoshop玩转移动UI设计（第2版）,67.15
1570,微信公众平台与小程序开发——从零搭建整套系统,41.65
1571,Spring MVC学习指南（第2版）,50.15
1572,Joomla！模板设计与网站开发,58.65
1573,人工智能时代,50.15
1574,不急不吼 轻松养出好孩子,41.65
1575,魔力星图：手绘连线，描绘神奇星座,41.65
1576,Python高手之路（第3版）,46.75
1577,精通Spring MVC 4,50.15
1578,趣题学算法,58.65
1579,校园市场 布局未来消费群 决战年轻人市场,58.65
1580,自行车骑行训练突破：基础体能训练指南,46.75
1581,活出精彩——妈妈的职业规划应该这样做,41.65
1582,Windows 10从入门到精通,42.33
1583,微信小程序开发入门精要,46.75
1584,像素雕琢——跨平台用户体验设计法则,33.15
1585,软件测试技术实战：设计、工具及管理,67.15
1586,思科网络技术学院教程：IT基础（第6版）,59.50
1587,用户体验设计 本质、策略与经验,41.65
1588,代码整洁之道：程序员的职业素养,41.65
1589,艺术二维码设计与制作完全攻略 PHOTOSHOP+ILLUSTRATOR+FLASH,41.65
1590,我在MINECRAFT建城市——我的世界规划建造完全攻略,58.65
1591,Excel 职场手册：260招菜鸟变达人,41.65
1592,R语言可以很简单（第2版）,58.65
1593,包容性Web设计,50.15
1594,驾驭复杂的网络——SDN+业务虚拟化+业务链,58.65
1595,动物园中的中国珍稀哺乳动物,58.65
1596,动起来吧！宇宙旅行,58.65
1597,动起来吧！战机起飞,58.65
1598,Photoshop CC+Illustrator CC平面设计实用教程,41.65
1599,中文版UG NX 10.0技术大全,100.30
1600,思考的盲点：为何真相就在眼前，我们却视而不见,46.75
1601,聪明的人，从来不会输给情绪,41.65
1602,新媒体短视频全攻略：前期拍摄+后期处理+广告变现+营销推广,58.65
1603, 卡通IP时代——品牌卡通形象设计揭秘（第2版）,75.65
1604,PPT 2016幻灯片设计与制作从入门到精通,42.33
1605,APP交互设计全流程图解,58.65
1606,高等教育现代教学技能及其应用,50.15
1607,Photoshop特效制作专业技法,38.25
1608,电商设计技巧修炼与实战应用,67.15
1609,有形 几何图形在平面设计中的应用,84.15
1610,中文版3ds Max 2016/VRay效果图制作实用教程,42.33
1611,游戏编程模式,58.65
1612,管理智慧：成功研发团队的18条管理启示,41.65
1613,创意UI——Photoshop玩转图标设计（第2版）,67.15
1614,After Effects 移动UI动效设计 案例精粹,50.15
1615,树莓派渗透测试实战,41.65
1616,产品经理游戏化设计思维70计,41.65
1617,机器人爱好者（第5辑）,50.15
1618,社群营销实战手册：从社群运营到社群经济,67.15
1619,治愈你的心灵：有效应对抑郁、焦虑、学习障碍与记忆衰退,41.65
1620,HTML5移动开发,75.65
1621,七周七语言（卷2）,50.15
1622,互联网+：驱动企业跨界融合与创新,41.65
1623,营销人秘密手记——职场 赚钱 创业 成长,41.65
1624,HIIT高强度间歇训练：10分钟 20分钟 30分钟训练法,58.65
1625,创客手册：100个改变生活的创新发明,50.15
1626,王霄老师的5堂幸福课——遇见孩子，看见更好的自己,41.65
1627,Excel会计实务模板应用大全书,50.15
1628,SolidWorks 2018中文版机械设计应用大全,75.65
1629,Altium Designer 17电路设计与仿真从入门到精通,58.65
1630,开放水域游泳完全指南,41.65
1631,想记就记：35 个练习提升你的记忆力,38.25
1632,Lua游戏AI开发指南,58.65
1633,用Python写网络爬虫,38.25
1634,JavaScript开发框架权威指南,75.65
1635,嵌入式Linux与物联网软件开发——C语言内核深度解析,50.15
1636,营销大咖说 互联网营销方法论与实战技巧,58.65
1637,Python数据科学指南,67.15
1638,HTML CSS JavaScript 网页制作从入门到精通 第3版,41.65
1639,Ruby程序员修炼之道（第2版）,75.65
1640,C# 6.0本质论,91.80
1641,运营攻略 移动互联网产品运营提升笔记,50.15
1642,CAE分析大系——ANSYS Workbench 17.0数值模拟与实例精解,67.15
1643,游戏概念设计理念与案例解析,91.80
1644,奇趣大自然： 动物萌宝成长记,41.65
1645,CCNA ICND2 路由与交换（200-105）认证考试指南（第5版）,100.30
1646,基于ArcGIS的Python编程秘笈（第2版）,58.65
1647,达人迷：智能家居,58.65
1648,Cocos2d-x 3D与VR游戏开发实战详解,67.15
1649,HIIT：高强度间歇训练法,50.15
1650,Photoshop 图标设计基础与案例教程,67.83
1651,可用性测试手册（第2版）,50.15
1652,渐进增强——跨平台用户体验设计,50.15
1653,Docker容器：利用Kubernetes、Flannel、Cockpit和Atomic构建和部署,50.15
1654,Web前端开发精品课  HTML与CSS进阶教程,33.15
1655,ABAQUS分析之美,91.80
1656,AutoCAD 2018中文版机械设计从入门到精通,50.15
1657,月球简史,58.65
1658,Java线程与并发编程实践,46.75
1659,领导力科学：提升工作绩效，打造理想团队,46.75
1660,中文版Google SketchUp Pro 8.0完全自学教程（第2版）,84.15
1661,Adobe Photoshop CC经典教程（修订版）,75.65
1662,Ionic学习手册,58.65
1663,Servlet、JSP和Spring MVC初学指南,58.65
1664,计算机科学概论（第12版•英文版）,67.15
1665,SQL初学者指南（第2版）,41.65
1666,Android Studio应用开发实战详解,58.65
1667,创意UI——Photoshop玩转游戏界面设计（第2版）,67.15
1668,形•色——网页设计法则及实例指导,67.15
1669,可信计算远程证明与应用,58.65
1670,机器人构建实战,50.15
1671,TCP/IP路由技术(第1卷)(第2版)英文版,125.80
1672,癌症的消亡,57.80
1673,Linux防火墙（第4版）,67.15
1674,Erlang趣学指南,67.15
1675,Photoshop电商产品精修实战,109.65
1676,WPS Office商务办公从新手到高手,50.83
1677,互联网营销之道  行业大咖带你玩转营销圈,41.65
1678,CATIA V5R2016中文版从入门到精通,75.65
1679,动起来吧！飞行奥秘,58.65
1680,动起来吧！太空探索,58.65
1681,统计会犯错——如何避免数据分析中的统计陷阱,42.42
1682,C语言编程初学者指南,41.65
1683,领域驱动设计：软件核心复杂性应对之道（修订版）,84.83
1684,AutoCAD 2018中文版从入门到精通,46.75
1685,猎捕：BBC动物世界生存之战,93.42
1686,Photoshop CC移动UI图标设计实用教程,41.65
1687,Unity Shader入门精要,76.42
1688,视图更新与关系数据库理论,50.15
1689,After Effects CC技术大全,110.42
1690,CINEMA 4D R17 完全学习手册（第2版）,108.80
1691,机器人爱好者（第4辑）,58.65
1692,机器人学经典教程,58.65
1693,软件测试高薪之路:UFT/QTP 面试权威指南,50.15
1694,Oracle PL/SQL必知必会,50.92
1695,网络安全测试实验室搭建指南,75.65
1696,智能路由器开发指南,50.15
1697,SolidWorks 2017中文版机械设计从入门到精通,58.65
1698,SolidWorks 2016中文版完全自学手册,67.15
1699,JavaScript机器人编程指南,38.25
1700,H5和WebGL 3D开发实战详解,58.65
1701,Microsoft Azure机器学习和预测分析,50.15
1702,Python密码学编程,None
1703,好好沟通 高效沟通的65个心理策略,33.15
1704,力量瑜伽：全面提升专注力、柔韧性及运动表现,50.15
1705,技术的潜能：商业颠覆、创新与执行,41.65
1706,花草工坊：101种天然植物护肤清洁用品DIY,67.15
1707,零基础马拉松训练宝典,50.15
1708,公路车完全手册：选购 调校 骑行 维修指南,58.65
1709,28天爱上跑走：跑走运动全指南,46.75
1710,微课实战：Camtasia Studio入门精要,59.33
1711,面向STEM的mBlock智能机器人创新课程,42.33
1712,创意UI——Photoshop玩转App设计（第2版）,67.15
1713,MINECRAFT我的世界 完全攻略,50.15
1714,老邮差数码照片处理技法 风光篇（第3版）,67.15
1715,乐高妙妙屋：创意游戏100例,63.75
1716,Spring实战（第4版）,75.65
1717,Bootstrap入门经典,50.15
1718,电脑组装与硬件维修从入门到精通,50.83
1719,操作系统真象还原,109.56
1720,BeagleBone开发指南,75.65
1721,全栈性能测试修炼宝典  JMeter实战,75.65
1722,电子基础与维修工具核心教程,41.65
1723,精通CFD工程仿真与案例实战---FLUENT GAMBIT ICEM CFD Tecplot（第2版）,91.80
1724,C语言开发从入门到精通,46.75
1725,像计算机科学家一样思考Python（第2版）,41.65
1726,微信公众号后台操作与运营全攻略,41.65
1727,Windows网络与通信程序设计（第3版）,67.15
1728,C++入门经典（第6版）,38.25
1729,数据科学实战手册（R+Python）,None
1730,玩转微博营销——小微电商微博营销全攻略,33.15
1731,Photoshop淘宝网店设计与装修实战从入门到精通（第2版）,67.15
1732,中文版Maya 2016完全自学教程,100.30
1733,Photoshop CC移动UI设计实用教程,41.65
1734,VR与AR开发高级教程：基于Unity,58.65
1735,传奇——ZBrush数字雕刻大师之路（第2版）,168.30
1736,5G先进信道编码技术,50.15
1737,5G无线网络及关键技术,83.30
1738,SolidWorks 2018中文版机械设计从入门到精通,58.65
1739,Pro/ENGINEER Wildfire 5.0中文版从入门到精通,50.15
1740,字体的魔力,67.15
1741,iOS和tvOS 2D游戏开发教程,92.65
1742,Docker生产环境实践指南,41.65
1743,机器人爱好者（第1辑）,50.15
1744,ASO优化大师 ,33.15
1745,唤醒沉睡的大脑,40.80
1746,中文版Matrix珠宝首饰设计与建模,83.30
1747,疯狂科学（少儿版）,49.30
1748,LoadRunner 12七天速成宝典,50.15
1749,文明之光 第四册,58.65
1750,软件定义数据中心：Windows Server SDDC技术与实践,58.65
1751,数据科学：R语言实战,58.65
1752,算法学习与应用从入门到精通,58.65
1753,Axure RP8产品原型设计快速上手指南,58.65
1754,嗨！元素：元素使者和化合物精灵,41.65
1755,设计+制作+印刷+电子书+商业模版InDesign典型实例（第5版）,67.92
1756,动画叙事技巧：简单10步教你玩转动画,38.25
1757,5G大规模天线技术,50.15
1758,骑行宝典：单车维修保养完全手册（第7版）,58.65
1759,图数据库（第2版）,41.65
1760,网页设计与前端开发 Dreamweaver+Flash+Photoshop+HTML+CSS+JavaScript 从入门到精通,50.15
1761,21天学通Java（第7版）,58.65
1762,Spark Cookbook 中文版,38.25
1763,易学C++（第2版）,50.15
1764,科学+  预见人工智能,33.15
1765,中文版After Effects CC影视特效制作208例（第2版）,84.15
1766,iOS  项目开发全程实录,84.15
1767,OpenGL ES 3.x游戏开发（下卷）,75.65
1768,机器人爱好者（第2辑）,58.65
1769,高性能响应式Web开发实战,33.15
1770,OpenGL ES 3.x游戏开发（上卷）,75.65
1771,嵌入式C编程实战,33.15
1772,21天学通HTML+CSS+JavaScript Web开发（第7版）,58.65
1773,CAE分析大系——ANSYS CFD疑难问题实例详解,67.15
1774,淘宝店铺装修全攻略  商品美化+页面设计+视频制作+图文排版+手机淘宝,58.65
1775,TCP/IP路由技术(第2卷)(第2版)英文版,142.80
1776,大型网站服务器容量规划,46.75
1777,基于大数据的内容营销策略,41.65
1778,Swift 3开发指南,41.65
1779,SEM长尾搜索营销策略解密,41.65
1780,3ds Max 2014/VRay中文版效果图制作完全自学宝典,84.92
1781,Photoshop移动UI设计完全实例教程,58.65
1782,iOS 10 开发指南,84.15
1783,趣学Scratch——教孩子学编程,41.65
1784,苹果Mac OS X El Capitan 10.11完全手册,100.30
1785,Axure RP8网站与App原型设计经典实例教程,75.65
1786,微课程设计与制作教程,50.15
1787,瑜伽精粹48式：每天1小时，6天全掌握,41.65
1788,乐高妙妙屋：小小设计师,41.65
1789,IP组播（第1卷）,67.15
1790,数据科学与大数据分析——数据的发现 分析 可视化与表示,58.65
1791,Python游戏编程快速上手,None
1792,Hadoop海量数据处理：技术详解与项目实战（第2版）,50.15
1793,树莓派Python编程入门与实战（第2版）,84.92
1794,深入解析Android 虚拟机,84.15
1795,AutoCAD 2016中文版室内装潢设计从入门到精通,50.15
1796,3ds Max/VRay印象全套家装效果图表现技法（第2版）,83.30
1797,After Effects CC中文版完全自学教程,91.80
1798,脑力触发：记忆冠军的大脑训练术,41.65
1799,Windows 10技术与应用大全,84.15
1800,宇宙新图景：揭示宇宙奥秘的变革式理念,38.25
1801,服装CAD制板实用教程,41.65
1802,中文版Rhino 5.0完全自学教程（第3版）,118.15
1803,5G无线接入网络：雾计算和云计算,91.80
1804,心地 古风唯美人像摄影与后期完全攻略,75.65
1805,赶走抑郁的阴霾：关键六步，拥抱幸福人生,41.65
1806,海底世界：大洋深处奇妙之旅,66.30
1807,Photoshop CC移动UI设计实战从入门到精通,58.65
1808,中文版3ds Max 2016完全自学教程,91.80
1809,CorelDRAW X6中文版图形设计实战从入门到精通（第2版）,59.33
1810,抠图+修图+调色+合成+特效Photoshop一册通,58.65
1811,Java遗传算法编程,41.65
1812,Cocos2d 跨平台游戏开发指南（第2版）,50.15
1813,超越需求：敏捷思维模式下的分析,46.75
1814,运营力——微信公众号 设计 策划 客服 管理  一册通,33.15
1815,Wireshark网络分析的艺术,50.15
1816,UI图标设计从入门到精通,41.65
1817,Redis实战,58.65
1818,告别失控：软件开发团队管理必读,50.15
1819,中文版Maya 2016基础培训教程,42.42
1820,超级基因：如何改变你的未来,41.65
1821, Adobe After Effects CC 经典教程（彩色版）,75.65
1822,妥协的完美主义：优秀产品经理的实践指南（卷二）,50.15
1823,Objective-C应用开发全程实录,84.15
1824,第一本Docker书（修订版）,50.15
1825,为什么不是200岁？解开人类寿命与衰老之谜,33.15
1826,室内设计师职业技能实训手册（第2版）,84.15
1827,铁人三项训练突破：力量与体能,46.75
1828,微店全攻略 开店+装修+管理+营销,41.65
1829,Python面向对象编程指南,67.15
1830,After Effects CS6完全自学教程（第2版）,100.30
1831,CAE分析大系——ADINA在水利工程中的应用与开发,67.15
1832,中文版AutoCAD 2016家具设计从入门到精通,58.65
1833,Unity 3D游戏特效制作典型实例,67.15
1834,Axure RP8 入门手册  网站和App原型设计从入门到精通,84.15
1835,SAS特种部队徒手格斗术,38.25
1836,数学的故事,24.65
1837,迷人的物理：物理学的发展历程及重大成就,33.15
1838,教孩子学编程（Python语言版）,59.42
1839,MINECRAFT我的世界 高手进阶攻略,59.42
1840,社交媒体大数据分析——理解并影响消费者行为,50.15
1841,C++覆辙录,58.65
1842,CCIE路由和交换认证考试指南（第5版）（第1卷）,117.30
1843,C++多线程编程实战,50.15
1844,精通Linux设备驱动程序开发,75.65
1845,嵌入式Linux基础教程(第2版),84.83
1846,循序渐进Linux（第2版） 基础知识 服务器搭建 系统管理 性能调优 虚拟化与集群应用,84.15
1847,编程之法：面试和算法心得,41.65
1848,互联网DSP广告揭秘——精准投放与高效转化之道,33.15
1849,配色设计从入门到精通,67.15
1850,高效能人士的笔记整理术——正确记录你的生活和工作,41.65
1851,连接的未来：数字化创新改变世界,41.65
1852,术与道 移动应用UI设计必修课（第2版）,58.65
1853,机器人爱好者（第3辑）,58.65
1854,中文版Maya 2012实用教程（第2版）,50.15
1855,Photoshop CC淘宝美工实用教程,41.65
1856,移动游戏UI设计专业教程,67.15
1857,网站设计 开发 维护 推广 从入门到精通,41.65
1858,东方财富炒股软件从入门到精通,84.15
1859,5G同频同时全双工技术,50.15
1860,好性格成就女孩一生 心灵成长版,29.75
1861,中文版AutoCAD 2016室内设计从入门到精通,58.65
1862,完美讲堂 Unity3D游戏特效设计实战教程,75.65
1863,机器学习项目开发实战,50.15
1864,新编AutoCAD制图快捷命令速查一册通,24.65
1865,冰河世纪：史前动物全揭秘（第2版）,84.15
1866,After Effects全套影视特效制作典型实例（第2版）,84.15
1867,微商兵法——营销 推广 运营 管理 一册通,50.15
1868,液晶显示器和液晶电视维修核心教程,50.15
1869,玩转科学的“艺术家”（上册）,38.25
1870,Python数据分析,None
1871,3ds Max疯狂设计学院,75.65
1872,Java 开发从入门到精通,50.15
1873,Python算法教程,58.65
1874,Android 源码设计模式解析与实战,67.15
1875,迷人的代数：代数学的发展历程及重大成就,33.15
1876,Adobe Premiere Pro CC经典教程（彩色版）,84.15
1877,妥协的完美主义—优秀产品经理的实践指南（卷一）,50.15
1878,新编电脑组装与硬件维修从入门到精通,59.33
1879,中文版After Effects CC实用教程,42.33
1880,数据科学家修炼之道,41.65
1881,写给程序员的数据挖掘实践指南,50.15
1882,自己动手做智能机器人,41.65
1883,Adobe Acrobat DC经典教程,41.65
1884,食虫植物观赏与栽培图鉴,67.15
1885,中文版Photoshop淘宝网店设计入门与提高,50.83
1886,CCIE路由和交换认证考试指南（第5版） （第2卷）,100.30
1887,Web异步与实时交互——iframe AJAX WebSocket开发实战,29.75
1888,Swift入门经典（第2版）,50.15
1889,5G超密集组网技术,50.15
1890,Minecraft我的世界创意指南：生存大冒险,58.65
1891,Photoshop 移动UI设计基础与案例教程,67.15
1892,电脑组装与硬件维修入门与提高,42.33
1893,指尖世界 移动App界面设计之道,58.65
1894,中文版CorelDRAW X7完全自学教程（实例版）,91.80
1895,浪潮之巅 第三版•上下册 ,84.15
1896,C++编程剖析：问题、方案和设计准则,41.65
1897,奇妙数学史：从早期的数字概念到混沌理论,41.65
1898,精通VMware vSphere 6,100.30
1899,移动Web开发从入门到精通,67.83
1900,Linux/UNIX OpenLDAP实战指南,58.65
1901,深入理解JavaScript,67.15
1902,Python金融大数据分析,None
1903,CCNP ROUTE 300-101学习指南,91.80
1904,Arduino家居安全系统构建实战,33.15
1905,UNIX网络编程 卷1：套接字联网API（第3版）,None
1906,幽灵般的超距作用：重新思考空间和时间,38.25
1907,和谐之美 探索设计中的黄金比例,91.80
1908,中文版AutoCAD 2016从入门到精通,58.65
1909,运维工程师成长之路,50.92
1910,信息图表的力量,50.15
1911,计算机视觉度量深入解析,75.65
1912,流量的秘密 Google Analytics网站分析与商业实战,58.65
1913,JavaScript忍者秘籍,58.65
1914,Scratch 2.0趣味编程指南,50.15
1915,Photoshop CS6平面设计实战从入门到精通（经典畅销版）,59.33
1916,力量举综合训练完全指南,46.75
1917,中文版AutoCAD 2016建筑设计从入门到精通,50.15
1918,微信运营全攻略 流程+推广+营销+管理+案例,41.65
1919,铁人三项训练突破：数据驱动的效能训练法,46.75
1920,中文版AutoCAD 2016机械设计从入门到精通,50.15
1921,Illustrator零基础萌漫插画绘制技法,58.65
1922,指尖上行 移动前端开发进阶之路,67.15
1923,跟着大师玩乐高：奇妙的交通工具,46.75
1924,JavaScript入门经典（第6版）,41.65
1925,3ds Max 2014/VRay效果图制作实战从入门到精通,50.83
1926,重构：改善既有代码的设计,58.65
1927,GNS3实战指南,41.65
1928,Web前端开发精品课——HTML与CSS 基础教程,41.65
1929,Abaqus GUI程序开发指南（Python语言）,50.15
1930,jQuery EasyUI开发指南,41.65
1931,MINECRAFT我的世界 新手完全攻略（第3版）,50.15
1932,VMware vSphere 6.0虚拟化架构实战指南,75.65
1933,乐高EV3机器人搭建与编程,67.15
1934,jQuery Mobile从入门到精通,67.83
1935,智能的本质——人工智能与机器人领域的64个大问题,46.75
1936, 千奇百怪的海洋世界： 奇迹篇,93.42
1937,AutoCAD 2016中文版从入门到精通,46.75
1938,无人机航拍手册：空中摄影与视频制作完全指南,41.65
1939,After Effects完全解析,108.80
1940,中文版3ds Max 2014基础培训教程,33.83
1941,中文版3ds Max 2016/VRay效果图制作完全自学教程（实例版）,93.42
1942,Minecraft我的世界：建筑设计完全指南,41.65
1943,设计模式解析（第2版•修订版）,46.75
1944,Java和Android开发学习指南（第2版）,58.65
1945,数据整理实践指南,41.65
1946,PowerPoint 2016从入门到精通,50.83
1947,Creo 4.0中文版从入门到精通,84.15
1948,中文版CorelDRAW X8实战视频教程,50.15
1949,After Effects CC影视后期制作实战从入门到精通,67.15
1950,自行车功率训练突破：分析数据 科学训练 提高表现,50.15
1951,面向用户的设计——移动应用产品设计之道,50.15
1952,Premiere Pro CS6实用教程,41.65
1953,编程谜题,41.65
1954,火星奇观：红色星球新揭秘,58.65
1955,雕刻完美曲线：女性健身美臀塑形全指南,67.15
1956,Axure原型蓝图,41.65
1957,ASP.NET 开发从入门到精通,58.65
1958,NoSQL权威指南,38.25
1959,Python和Pygame游戏开发指南,59.42
1960,趣学JavaScript——教孩子学编程,50.15
1961,万物互联,41.65
1962,ABAQUS 6.14超级学习手册,92.65
1963,Android开发进阶：从小工到专家,58.65
1964,Python和HDF 5大数据应用,33.15
1965,MySQL从入门到精通,59.33
1966,程序员面试白皮书,41.65
1967,千奇百怪的海洋世界：生存篇,93.42
1968,互联网+ 电商平台设计与运营,58.65
1969,ANSYS FLUENT 16.0超级学习手册,92.65
1970,张成功项目管理记（第2版）,41.65
1971,乐高妙妙屋：动物与车辆,50.15
1972,中文版AutoCAD 2016园林设计从入门到精通,67.15
1973,UNIX网络编程 卷2：进程间通信（第2版）,None
1974,Oracle性能优化与诊断案例精选,67.15
1975,面向STEM的Scratch创新课程,42.33
1976,Excel 2016办公应用从入门到精通,42.33
1977,现学现用PPT素材集  菜鸟变身办公室PPT达人,58.65
1978,中文版AutoCAD 2015实用教程,41.65
1979,Minecraft我的世界创意指南：梦幻世界,58.65
1980,中文版Photoshop CC平面设计实用教程,42.33
1981,Minecraft我的世界创意指南：奇异之城,58.65
1982,中文版Photoshop CS6平面设计实用教程（第2版）,42.33
1983,Photoshop CC从入门到精通（全彩超值版）,75.65
1984,中文版3ds Max 2014实用教程（第2版）,50.92
1985,会声会影X8实用教程,50.15
1986,3ds Max 2013/VRay效果图制作实战从入门到精通（第2版）,59.33
1987,贝丝健身瑜伽指南（第3版）,50.15
1988,Photoshop CC实战从入门到精通（全彩超值版）,67.15
1989,海伦的苍鹰,38.25
1990,中文版Photoshop CS6完全自学教程（全能学习版）,84.15
1991,手绘图鉴：不可思议的奇妙植物,38.25
1992,Web全栈工程师的自我修养,41.65
1993, 通往宇宙的窗口------走进世界著名天文馆和天文台,33.15
1994,计算广告：互联网商业变现的市场与技术,58.65
1995,梦之队的梦魇：使用敏捷实践促进团队生产率,50.15
1996,看板实战,50.15
1997,编程珠玑（续）（修订版）,None
1998,师兄教你找工作——100场面试 20个offer背后的求职秘密,33.15
1999,Cisco ASA设备使用指南（第3版）,134.30
